arch,variant,exp,layer,layer_idx,budget,attack,lvs,lvs_lo,lvs_hi,asr,frac,compliance
llama3.2-3b,base,lvs,embedding,embedding,0.0005,pgd,0.0,0.0,0.0,0.0417,,
llama3.2-3b,base,lvs,embedding,embedding,0.0005,random,0.0,0.0,0.0,0.0417,,
llama3.2-3b,base,lvs,embedding,embedding,0.001,pgd,0.0,0.0,0.0,0.125,,
llama3.2-3b,base,lvs,embedding,embedding,0.001,random,0.0,0.0,0.0,0.0833,,
llama3.2-3b,base,lvs,embedding,embedding,0.005,pgd,2.9546,0.3216,5.2692,0.5,,
llama3.2-3b,base,lvs,embedding,embedding,0.005,random,0.0,0.0,0.0,0.0833,,
llama3.2-3b,base,steering,embedding,embedding,,,,,,,0.0,0.0417
llama3.2-3b,base,steering,embedding,embedding,,,,,,,0.03,0.0833
llama3.2-3b,base,steering,embedding,embedding,,,,,,,0.06,0.0833
llama3.2-3b,base,steering,embedding,embedding,,,,,,,0.12,0.0417
llama3.2-3b,base,steering,embedding,embedding,,,,,,,0.24,0.0417
llama3.2-3b,base,lvs,L0,0,0.0005,pgd,3.9512,2.5148,4.5432,0.75,,
llama3.2-3b,base,lvs,L0,0,0.0005,random,0.0,0.0,0.0,0.0833,,
llama3.2-3b,base,lvs,L0,0,0.001,pgd,1.6251,0.5008,2.9411,0.7083,,
llama3.2-3b,base,lvs,L0,0,0.001,random,0.0,0.0,0.0,0.0417,,
llama3.2-3b,base,lvs,L0,0,0.005,pgd,0.8849,0.5402,1.2036,0.5417,,
llama3.2-3b,base,lvs,L0,0,0.005,random,0.0,0.0,0.0,0.0833,,
llama3.2-3b,base,steering,L0,0,,,,,,,0.0,0.0417
llama3.2-3b,base,steering,L0,0,,,,,,,0.03,0.0833
llama3.2-3b,base,steering,L0,0,,,,,,,0.06,0.0833
llama3.2-3b,base,steering,L0,0,,,,,,,0.12,0.0833
llama3.2-3b,base,steering,L0,0,,,,,,,0.24,0.0833
llama3.2-3b,base,lvs,L1,1,0.0005,pgd,0.0191,0.0,0.0804,0.0,,
llama3.2-3b,base,lvs,L1,1,0.0005,random,0.1114,0.0,0.2955,0.0417,,
llama3.2-3b,base,lvs,L1,1,0.001,pgd,0.0073,0.0,0.1985,0.0,,
llama3.2-3b,base,lvs,L1,1,0.001,random,0.0178,0.0,0.1323,0.0,,
llama3.2-3b,base,lvs,L1,1,0.005,pgd,0.0975,0.0093,0.1516,0.0,,
llama3.2-3b,base,lvs,L1,1,0.005,random,0.071,0.0,0.1003,0.0,,
llama3.2-3b,base,steering,L1,1,,,,,,,0.0,0.0417
llama3.2-3b,base,steering,L1,1,,,,,,,0.03,0.0417
llama3.2-3b,base,steering,L1,1,,,,,,,0.06,0.0833
llama3.2-3b,base,steering,L1,1,,,,,,,0.12,0.0833
llama3.2-3b,base,steering,L1,1,,,,,,,0.24,0.0833
llama3.2-3b,base,lvs,L2,2,0.0005,pgd,0.0906,0.0,0.216,0.0,,
llama3.2-3b,base,lvs,L2,2,0.0005,random,0.0199,0.0,0.1357,0.125,,
llama3.2-3b,base,lvs,L2,2,0.001,pgd,0.0522,0.0,0.0793,0.0,,
llama3.2-3b,base,lvs,L2,2,0.001,random,0.0281,0.0,0.1626,0.0,,
llama3.2-3b,base,lvs,L2,2,0.005,pgd,0.0,0.0,0.072,0.0,,
llama3.2-3b,base,lvs,L2,2,0.005,random,0.0162,0.0,0.083,0.0,,
llama3.2-3b,base,steering,L2,2,,,,,,,0.0,0.0417
llama3.2-3b,base,steering,L2,2,,,,,,,0.03,0.0417
llama3.2-3b,base,steering,L2,2,,,,,,,0.06,0.0833
llama3.2-3b,base,steering,L2,2,,,,,,,0.12,0.0833
llama3.2-3b,base,steering,L2,2,,,,,,,0.24,0.0417
llama3.2-3b,base,lvs,L3,3,0.0005,pgd,0.2138,0.0384,0.3709,0.125,,
llama3.2-3b,base,lvs,L3,3,0.0005,random,0.0371,0.0,0.2319,0.125,,
llama3.2-3b,base,lvs,L3,3,0.001,pgd,0.0116,0.0,0.0919,0.0,,
llama3.2-3b,base,lvs,L3,3,0.001,random,0.145,0.0,0.4322,0.125,,
llama3.2-3b,base,lvs,L3,3,0.005,pgd,0.0203,0.0,0.1472,0.0,,
llama3.2-3b,base,lvs,L3,3,0.005,random,0.0705,0.0,0.1568,0.0,,
llama3.2-3b,base,steering,L3,3,,,,,,,0.0,0.0417
llama3.2-3b,base,steering,L3,3,,,,,,,0.03,0.0417
llama3.2-3b,base,steering,L3,3,,,,,,,0.06,0.0833
llama3.2-3b,base,steering,L3,3,,,,,,,0.12,0.0833
llama3.2-3b,base,steering,L3,3,,,,,,,0.24,0.0417
llama3.2-3b,base,lvs,L4,4,0.0005,pgd,0.2533,0.0487,0.5631,0.1667,,
llama3.2-3b,base,lvs,L4,4,0.0005,random,0.0101,0.0,0.1141,0.0,,
llama3.2-3b,base,lvs,L4,4,0.001,pgd,0.1251,0.0,0.1626,0.0,,
llama3.2-3b,base,lvs,L4,4,0.001,random,0.0445,0.0,0.199,0.0833,,
llama3.2-3b,base,lvs,L4,4,0.005,pgd,0.0514,0.0032,0.1016,0.0,,
llama3.2-3b,base,lvs,L4,4,0.005,random,0.0086,0.0,0.0428,0.0,,
llama3.2-3b,base,steering,L4,4,,,,,,,0.0,0.0417
llama3.2-3b,base,steering,L4,4,,,,,,,0.03,0.0833
llama3.2-3b,base,steering,L4,4,,,,,,,0.06,0.0833
llama3.2-3b,base,steering,L4,4,,,,,,,0.12,0.0833
llama3.2-3b,base,steering,L4,4,,,,,,,0.24,0.0417
llama3.2-3b,base,lvs,L5,5,0.0005,pgd,0.2736,0.0942,0.6854,0.3333,,
llama3.2-3b,base,lvs,L5,5,0.0005,random,0.0,0.0,0.0904,0.0,,
llama3.2-3b,base,lvs,L5,5,0.001,pgd,0.0,0.0,0.0907,0.0417,,
llama3.2-3b,base,lvs,L5,5,0.001,random,0.0128,0.0,0.2753,0.125,,
llama3.2-3b,base,lvs,L5,5,0.005,pgd,0.0,0.0,0.0198,0.0,,
llama3.2-3b,base,lvs,L5,5,0.005,random,0.0257,0.0,0.1303,0.0,,
llama3.2-3b,base,steering,L5,5,,,,,,,0.0,0.0417
llama3.2-3b,base,steering,L5,5,,,,,,,0.03,0.0417
llama3.2-3b,base,steering,L5,5,,,,,,,0.06,0.0833
llama3.2-3b,base,steering,L5,5,,,,,,,0.12,0.0833
llama3.2-3b,base,steering,L5,5,,,,,,,0.24,0.0417
llama3.2-3b,base,lvs,L6,6,0.0005,pgd,0.1778,0.0762,0.2507,0.25,,
llama3.2-3b,base,lvs,L6,6,0.0005,random,0.0,0.0,0.0425,0.0,,
llama3.2-3b,base,lvs,L6,6,0.001,pgd,0.0676,0.0,0.1893,0.0417,,
llama3.2-3b,base,lvs,L6,6,0.001,random,0.0,0.0,0.0725,0.0417,,
llama3.2-3b,base,lvs,L6,6,0.005,pgd,0.0083,0.0,0.1211,0.0,,
llama3.2-3b,base,lvs,L6,6,0.005,random,0.0,0.0,0.0109,0.0,,
llama3.2-3b,base,steering,L6,6,,,,,,,0.0,0.0417
llama3.2-3b,base,steering,L6,6,,,,,,,0.03,0.0833
llama3.2-3b,base,steering,L6,6,,,,,,,0.06,0.0833
llama3.2-3b,base,steering,L6,6,,,,,,,0.12,0.0833
llama3.2-3b,base,steering,L6,6,,,,,,,0.24,0.0417
llama3.2-3b,base,lvs,L7,7,0.0005,pgd,0.1692,0.0,0.3508,0.4583,,
llama3.2-3b,base,lvs,L7,7,0.0005,random,0.0,0.0,0.0289,0.0,,
llama3.2-3b,base,lvs,L7,7,0.001,pgd,0.0416,0.0,0.2582,0.0833,,
llama3.2-3b,base,lvs,L7,7,0.001,random,0.0,0.0,0.1145,0.0,,
llama3.2-3b,base,lvs,L7,7,0.005,pgd,0.001,0.0,0.0842,0.0,,
llama3.2-3b,base,lvs,L7,7,0.005,random,0.0146,0.0,0.0499,0.0,,
llama3.2-3b,base,steering,L7,7,,,,,,,0.0,0.0417
llama3.2-3b,base,steering,L7,7,,,,,,,0.03,0.0833
llama3.2-3b,base,steering,L7,7,,,,,,,0.06,0.0833
llama3.2-3b,base,steering,L7,7,,,,,,,0.12,0.0833
llama3.2-3b,base,steering,L7,7,,,,,,,0.24,0.0417
llama3.2-3b,base,lvs,L8,8,0.0005,pgd,0.0967,0.0,0.3492,0.5417,,
llama3.2-3b,base,lvs,L8,8,0.0005,random,0.0,0.0,0.0,0.0,,
llama3.2-3b,base,lvs,L8,8,0.001,pgd,0.0651,0.0,0.2353,0.0417,,
llama3.2-3b,base,lvs,L8,8,0.001,random,0.0,0.0,0.0082,0.0,,
llama3.2-3b,base,lvs,L8,8,0.005,pgd,0.0426,0.0,0.1179,0.0,,
llama3.2-3b,base,lvs,L8,8,0.005,random,0.0,0.0,0.1071,0.0,,
llama3.2-3b,base,steering,L8,8,,,,,,,0.0,0.0417
llama3.2-3b,base,steering,L8,8,,,,,,,0.03,0.0833
llama3.2-3b,base,steering,L8,8,,,,,,,0.06,0.0833
llama3.2-3b,base,steering,L8,8,,,,,,,0.12,0.0833
llama3.2-3b,base,steering,L8,8,,,,,,,0.24,0.0
llama3.2-3b,base,lvs,L9,9,0.0005,pgd,0.3141,0.2016,0.5675,0.7083,,
llama3.2-3b,base,lvs,L9,9,0.0005,random,0.0,0.0,0.0,0.0417,,
llama3.2-3b,base,lvs,L9,9,0.001,pgd,0.1889,0.0,0.5482,0.2917,,
llama3.2-3b,base,lvs,L9,9,0.001,random,0.0078,0.0,0.0595,0.0,,
llama3.2-3b,base,lvs,L9,9,0.005,pgd,0.0512,0.0,0.1207,0.0,,
llama3.2-3b,base,lvs,L9,9,0.005,random,0.0557,0.0,0.1831,0.0417,,
llama3.2-3b,base,steering,L9,9,,,,,,,0.0,0.0417
llama3.2-3b,base,steering,L9,9,,,,,,,0.03,0.0833
llama3.2-3b,base,steering,L9,9,,,,,,,0.06,0.0833
llama3.2-3b,base,steering,L9,9,,,,,,,0.12,0.0833
llama3.2-3b,base,steering,L9,9,,,,,,,0.24,0.0417
llama3.2-3b,base,lvs,L10,10,0.0005,pgd,0.3851,0.1646,0.6315,0.75,,
llama3.2-3b,base,lvs,L10,10,0.0005,random,0.0,0.0,0.0,0.0,,
llama3.2-3b,base,lvs,L10,10,0.001,pgd,0.0844,0.0,0.3266,0.2917,,
llama3.2-3b,base,lvs,L10,10,0.001,random,0.0,0.0,0.0143,0.0,,
llama3.2-3b,base,lvs,L10,10,0.005,pgd,0.0184,0.0,0.0595,0.0,,
llama3.2-3b,base,lvs,L10,10,0.005,random,0.0685,0.0,0.1583,0.0417,,
llama3.2-3b,base,steering,L10,10,,,,,,,0.0,0.0417
llama3.2-3b,base,steering,L10,10,,,,,,,0.03,0.0833
llama3.2-3b,base,steering,L10,10,,,,,,,0.06,0.0833
llama3.2-3b,base,steering,L10,10,,,,,,,0.12,0.0833
llama3.2-3b,base,steering,L10,10,,,,,,,0.24,0.0833
llama3.2-3b,base,lvs,L11,11,0.0005,pgd,0.4074,0.0623,0.6143,0.8333,,
llama3.2-3b,base,lvs,L11,11,0.0005,random,0.0,0.0,0.0,0.0833,,
llama3.2-3b,base,lvs,L11,11,0.001,pgd,0.3307,0.0783,0.5793,0.1667,,
llama3.2-3b,base,lvs,L11,11,0.001,random,0.0,0.0,0.0427,0.0417,,
llama3.2-3b,base,lvs,L11,11,0.005,pgd,0.0742,0.0196,0.1268,0.0,,
llama3.2-3b,base,lvs,L11,11,0.005,random,0.0168,0.0,0.2188,0.0833,,
llama3.2-3b,base,steering,L11,11,,,,,,,0.0,0.0417
llama3.2-3b,base,steering,L11,11,,,,,,,0.03,0.0833
llama3.2-3b,base,steering,L11,11,,,,,,,0.06,0.0833
llama3.2-3b,base,steering,L11,11,,,,,,,0.12,0.0833
llama3.2-3b,base,steering,L11,11,,,,,,,0.24,0.0417
llama3.2-3b,base,lvs,L12,12,0.0005,pgd,0.1963,0.0711,0.4797,0.5833,,
llama3.2-3b,base,lvs,L12,12,0.0005,random,0.0,0.0,0.0,0.0833,,
llama3.2-3b,base,lvs,L12,12,0.001,pgd,0.2174,0.0564,0.4607,0.2917,,
llama3.2-3b,base,lvs,L12,12,0.001,random,0.0,0.0,0.0477,0.0833,,
llama3.2-3b,base,lvs,L12,12,0.005,pgd,0.0858,0.0056,0.1253,0.0,,
llama3.2-3b,base,lvs,L12,12,0.005,random,0.0405,0.0,0.0821,0.125,,
llama3.2-3b,base,steering,L12,12,,,,,,,0.0,0.0417
llama3.2-3b,base,steering,L12,12,,,,,,,0.03,0.0417
llama3.2-3b,base,steering,L12,12,,,,,,,0.06,0.0833
llama3.2-3b,base,steering,L12,12,,,,,,,0.12,0.0833
llama3.2-3b,base,steering,L12,12,,,,,,,0.24,0.0833
llama3.2-3b,base,lvs,L13,13,0.0005,pgd,0.4076,0.1079,0.6446,0.5417,,
llama3.2-3b,base,lvs,L13,13,0.0005,random,0.0,0.0,0.0,0.0833,,
llama3.2-3b,base,lvs,L13,13,0.001,pgd,0.168,0.0821,0.2559,0.2083,,
llama3.2-3b,base,lvs,L13,13,0.001,random,0.0,0.0,0.0665,0.0417,,
llama3.2-3b,base,lvs,L13,13,0.005,pgd,0.0703,0.0279,0.1499,0.0417,,
llama3.2-3b,base,lvs,L13,13,0.005,random,0.0708,0.0,0.169,0.2083,,
llama3.2-3b,base,steering,L13,13,,,,,,,0.0,0.0417
llama3.2-3b,base,steering,L13,13,,,,,,,0.03,0.0833
llama3.2-3b,base,steering,L13,13,,,,,,,0.06,0.0833
llama3.2-3b,base,steering,L13,13,,,,,,,0.12,0.0833
llama3.2-3b,base,steering,L13,13,,,,,,,0.24,0.0417
llama3.2-3b,base,lvs,L14,14,0.0005,pgd,0.2303,0.0583,0.5176,0.625,,
llama3.2-3b,base,lvs,L14,14,0.0005,random,0.0,0.0,0.0,0.0833,,
llama3.2-3b,base,lvs,L14,14,0.001,pgd,0.226,0.0488,0.448,0.5,,
llama3.2-3b,base,lvs,L14,14,0.001,random,0.0,0.0,0.0,0.0833,,
llama3.2-3b,base,lvs,L14,14,0.005,pgd,0.0694,0.0,0.1224,0.0,,
llama3.2-3b,base,lvs,L14,14,0.005,random,0.0347,0.0,0.1386,0.1667,,
llama3.2-3b,base,steering,L14,14,,,,,,,0.0,0.0417
llama3.2-3b,base,steering,L14,14,,,,,,,0.03,0.0833
llama3.2-3b,base,steering,L14,14,,,,,,,0.06,0.0833
llama3.2-3b,base,steering,L14,14,,,,,,,0.12,0.0833
llama3.2-3b,base,steering,L14,14,,,,,,,0.24,0.0833
llama3.2-3b,base,lvs,L15,15,0.0005,pgd,0.2768,0.1802,0.5664,0.625,,
llama3.2-3b,base,lvs,L15,15,0.0005,random,0.0,0.0,0.0,0.0417,,
llama3.2-3b,base,lvs,L15,15,0.001,pgd,0.1619,0.0291,0.4394,0.4583,,
llama3.2-3b,base,lvs,L15,15,0.001,random,0.0,0.0,0.0,0.1667,,
llama3.2-3b,base,lvs,L15,15,0.005,pgd,0.1049,0.0,0.1567,0.0,,
llama3.2-3b,base,lvs,L15,15,0.005,random,0.0774,0.0,0.1407,0.125,,
llama3.2-3b,base,steering,L15,15,,,,,,,0.0,0.0417
llama3.2-3b,base,steering,L15,15,,,,,,,0.03,0.0833
llama3.2-3b,base,steering,L15,15,,,,,,,0.06,0.0417
llama3.2-3b,base,steering,L15,15,,,,,,,0.12,0.0833
llama3.2-3b,base,steering,L15,15,,,,,,,0.24,0.0833
llama3.2-3b,base,lvs,L16,16,0.0005,pgd,0.3492,0.1795,0.4801,0.7083,,
llama3.2-3b,base,lvs,L16,16,0.0005,random,0.0,0.0,0.0,0.0833,,
llama3.2-3b,base,lvs,L16,16,0.001,pgd,0.2746,0.1303,0.4871,0.5417,,
llama3.2-3b,base,lvs,L16,16,0.001,random,0.0,0.0,0.0,0.0417,,
llama3.2-3b,base,lvs,L16,16,0.005,pgd,0.0825,0.0,0.1427,0.0,,
llama3.2-3b,base,lvs,L16,16,0.005,random,0.0363,0.0,0.1377,0.0833,,
llama3.2-3b,base,steering,L16,16,,,,,,,0.0,0.0417
llama3.2-3b,base,steering,L16,16,,,,,,,0.03,0.0417
llama3.2-3b,base,steering,L16,16,,,,,,,0.06,0.0417
llama3.2-3b,base,steering,L16,16,,,,,,,0.12,0.0833
llama3.2-3b,base,steering,L16,16,,,,,,,0.24,0.0833
llama3.2-3b,base,lvs,L17,17,0.0005,pgd,0.3941,0.3074,0.6225,0.625,,
llama3.2-3b,base,lvs,L17,17,0.0005,random,0.0,0.0,0.0,0.0417,,
llama3.2-3b,base,lvs,L17,17,0.001,pgd,0.3014,0.2241,0.4365,0.75,,
llama3.2-3b,base,lvs,L17,17,0.001,random,0.0,0.0,0.0,0.0833,,
llama3.2-3b,base,lvs,L17,17,0.005,pgd,0.1293,0.0939,0.138,0.0,,
llama3.2-3b,base,lvs,L17,17,0.005,random,0.1004,0.0145,0.1565,0.0833,,
llama3.2-3b,base,steering,L17,17,,,,,,,0.0,0.0417
llama3.2-3b,base,steering,L17,17,,,,,,,0.03,0.0417
llama3.2-3b,base,steering,L17,17,,,,,,,0.06,0.0417
llama3.2-3b,base,steering,L17,17,,,,,,,0.12,0.0833
llama3.2-3b,base,steering,L17,17,,,,,,,0.24,0.0833
llama3.2-3b,base,lvs,L18,18,0.0005,pgd,0.3251,0.1732,0.5758,0.6667,,
llama3.2-3b,base,lvs,L18,18,0.0005,random,0.0,0.0,0.0,0.0833,,
llama3.2-3b,base,lvs,L18,18,0.001,pgd,0.3206,0.1374,0.5022,0.7083,,
llama3.2-3b,base,lvs,L18,18,0.001,random,0.0,0.0,0.0,0.0833,,
llama3.2-3b,base,lvs,L18,18,0.005,pgd,0.1574,0.0008,0.1738,0.0,,
llama3.2-3b,base,lvs,L18,18,0.005,random,0.1037,0.0,0.1694,0.0417,,
llama3.2-3b,base,steering,L18,18,,,,,,,0.0,0.0417
llama3.2-3b,base,steering,L18,18,,,,,,,0.03,0.0417
llama3.2-3b,base,steering,L18,18,,,,,,,0.06,0.0833
llama3.2-3b,base,steering,L18,18,,,,,,,0.12,0.0833
llama3.2-3b,base,steering,L18,18,,,,,,,0.24,0.0833
llama3.2-3b,base,lvs,L19,19,0.0005,pgd,0.4324,0.2398,0.5981,0.7917,,
llama3.2-3b,base,lvs,L19,19,0.0005,random,0.0,0.0,0.0,0.0833,,
llama3.2-3b,base,lvs,L19,19,0.001,pgd,0.3012,0.1305,0.4461,0.7083,,
llama3.2-3b,base,lvs,L19,19,0.001,random,0.0,0.0,0.0,0.0417,,
llama3.2-3b,base,lvs,L19,19,0.005,pgd,0.0791,0.0408,0.1584,0.0,,
llama3.2-3b,base,lvs,L19,19,0.005,random,0.118,0.0517,0.1523,0.0417,,
llama3.2-3b,base,steering,L19,19,,,,,,,0.0,0.0417
llama3.2-3b,base,steering,L19,19,,,,,,,0.03,0.0417
llama3.2-3b,base,steering,L19,19,,,,,,,0.06,0.0833
llama3.2-3b,base,steering,L19,19,,,,,,,0.12,0.0417
llama3.2-3b,base,steering,L19,19,,,,,,,0.24,0.0833
llama3.2-3b,base,lvs,L20,20,0.0005,pgd,0.4733,0.3011,0.6596,0.7917,,
llama3.2-3b,base,lvs,L20,20,0.0005,random,0.0,0.0,0.0,0.0833,,
llama3.2-3b,base,lvs,L20,20,0.001,pgd,0.3282,0.2117,0.4622,0.7917,,
llama3.2-3b,base,lvs,L20,20,0.001,random,0.0,0.0,0.0,0.0833,,
llama3.2-3b,base,lvs,L20,20,0.005,pgd,0.0392,0.0104,0.123,0.0417,,
llama3.2-3b,base,lvs,L20,20,0.005,random,0.0808,0.047,0.1296,0.1667,,
llama3.2-3b,base,steering,L20,20,,,,,,,0.0,0.0417
llama3.2-3b,base,steering,L20,20,,,,,,,0.03,0.0833
llama3.2-3b,base,steering,L20,20,,,,,,,0.06,0.0833
llama3.2-3b,base,steering,L20,20,,,,,,,0.12,0.0833
llama3.2-3b,base,steering,L20,20,,,,,,,0.24,0.0833
llama3.2-3b,base,lvs,L21,21,0.0005,pgd,0.221,0.0776,0.4462,0.5417,,
llama3.2-3b,base,lvs,L21,21,0.0005,random,0.0,0.0,0.0,0.0833,,
llama3.2-3b,base,lvs,L21,21,0.001,pgd,0.3056,0.1024,0.4715,0.7083,,
llama3.2-3b,base,lvs,L21,21,0.001,random,0.0,0.0,0.0,0.0833,,
llama3.2-3b,base,lvs,L21,21,0.005,pgd,0.1274,0.0172,0.1732,0.0,,
llama3.2-3b,base,lvs,L21,21,0.005,random,0.0281,0.0,0.1112,0.0833,,
llama3.2-3b,base,steering,L21,21,,,,,,,0.0,0.0417
llama3.2-3b,base,steering,L21,21,,,,,,,0.03,0.0833
llama3.2-3b,base,steering,L21,21,,,,,,,0.06,0.0833
llama3.2-3b,base,steering,L21,21,,,,,,,0.12,0.0833
llama3.2-3b,base,steering,L21,21,,,,,,,0.24,0.0833
llama3.2-3b,base,lvs,L22,22,0.0005,pgd,0.4491,0.0871,0.714,0.6667,,
llama3.2-3b,base,lvs,L22,22,0.0005,random,0.0,0.0,0.0,0.0417,,
llama3.2-3b,base,lvs,L22,22,0.001,pgd,0.2764,0.0708,0.5501,0.6667,,
llama3.2-3b,base,lvs,L22,22,0.001,random,0.0,0.0,0.0,0.0833,,
llama3.2-3b,base,lvs,L22,22,0.005,pgd,0.0964,0.0135,0.16,0.0,,
llama3.2-3b,base,lvs,L22,22,0.005,random,0.0096,0.0,0.1058,0.125,,
llama3.2-3b,base,steering,L22,22,,,,,,,0.0,0.0417
llama3.2-3b,base,steering,L22,22,,,,,,,0.03,0.0833
llama3.2-3b,base,steering,L22,22,,,,,,,0.06,0.0833
llama3.2-3b,base,steering,L22,22,,,,,,,0.12,0.0417
llama3.2-3b,base,steering,L22,22,,,,,,,0.24,0.0833
llama3.2-3b,base,lvs,L23,23,0.0005,pgd,0.242,0.1579,0.2802,0.5,,
llama3.2-3b,base,lvs,L23,23,0.0005,random,0.0,0.0,0.0,0.0417,,
llama3.2-3b,base,lvs,L23,23,0.001,pgd,0.3575,0.2363,0.4588,0.625,,
llama3.2-3b,base,lvs,L23,23,0.001,random,0.0,0.0,0.0,0.0833,,
llama3.2-3b,base,lvs,L23,23,0.005,pgd,0.048,0.0036,0.1364,0.0,,
llama3.2-3b,base,lvs,L23,23,0.005,random,0.0211,0.0,0.0995,0.125,,
llama3.2-3b,base,steering,L23,23,,,,,,,0.0,0.0417
llama3.2-3b,base,steering,L23,23,,,,,,,0.03,0.0417
llama3.2-3b,base,steering,L23,23,,,,,,,0.06,0.0417
llama3.2-3b,base,steering,L23,23,,,,,,,0.12,0.0417
llama3.2-3b,base,steering,L23,23,,,,,,,0.24,0.0833
llama3.2-3b,base,lvs,L24,24,0.0005,pgd,0.3429,0.218,0.5515,0.6667,,
llama3.2-3b,base,lvs,L24,24,0.0005,random,0.0,0.0,0.0,0.0417,,
llama3.2-3b,base,lvs,L24,24,0.001,pgd,0.2969,0.0588,0.3733,0.5417,,
llama3.2-3b,base,lvs,L24,24,0.001,random,0.0,0.0,0.0,0.0833,,
llama3.2-3b,base,lvs,L24,24,0.005,pgd,0.1288,0.0305,0.1972,0.0,,
llama3.2-3b,base,lvs,L24,24,0.005,random,0.0,0.0,0.067,0.0833,,
llama3.2-3b,base,steering,L24,24,,,,,,,0.0,0.0417
llama3.2-3b,base,steering,L24,24,,,,,,,0.03,0.0833
llama3.2-3b,base,steering,L24,24,,,,,,,0.06,0.0417
llama3.2-3b,base,steering,L24,24,,,,,,,0.12,0.0833
llama3.2-3b,base,steering,L24,24,,,,,,,0.24,0.0833
llama3.2-3b,base,lvs,L25,25,0.0005,pgd,0.4345,0.2622,0.5389,0.5833,,
llama3.2-3b,base,lvs,L25,25,0.0005,random,0.0,0.0,0.0,0.0833,,
llama3.2-3b,base,lvs,L25,25,0.001,pgd,0.2074,0.0504,0.4089,0.5833,,
llama3.2-3b,base,lvs,L25,25,0.001,random,0.0,0.0,0.0,0.0833,,
llama3.2-3b,base,lvs,L25,25,0.005,pgd,0.09,0.0,0.1602,0.0417,,
llama3.2-3b,base,lvs,L25,25,0.005,random,0.0,0.0,0.002,0.0417,,
llama3.2-3b,base,steering,L25,25,,,,,,,0.0,0.0417
llama3.2-3b,base,steering,L25,25,,,,,,,0.03,0.0417
llama3.2-3b,base,steering,L25,25,,,,,,,0.06,0.0833
llama3.2-3b,base,steering,L25,25,,,,,,,0.12,0.0833
llama3.2-3b,base,steering,L25,25,,,,,,,0.24,0.0833
llama3.2-3b,base,lvs,L26,26,0.0005,pgd,0.3549,0.1966,0.5286,0.7083,,
llama3.2-3b,base,lvs,L26,26,0.0005,random,0.0,0.0,0.0,0.0833,,
llama3.2-3b,base,lvs,L26,26,0.001,pgd,0.2249,0.0007,0.4388,0.5417,,
llama3.2-3b,base,lvs,L26,26,0.001,random,0.0,0.0,0.0,0.0417,,
llama3.2-3b,base,lvs,L26,26,0.005,pgd,0.039,0.0145,0.0957,0.0,,
llama3.2-3b,base,lvs,L26,26,0.005,random,0.0,0.0,0.0,0.0833,,
llama3.2-3b,base,steering,L26,26,,,,,,,0.0,0.0417
llama3.2-3b,base,steering,L26,26,,,,,,,0.03,0.0417
llama3.2-3b,base,steering,L26,26,,,,,,,0.06,0.0417
llama3.2-3b,base,steering,L26,26,,,,,,,0.12,0.0417
llama3.2-3b,base,steering,L26,26,,,,,,,0.24,0.0833
llama3.2-3b,base,lvs,L27,27,0.0005,pgd,0.0,0.0,0.0,0.0417,,
llama3.2-3b,base,lvs,L27,27,0.0005,random,0.0,0.0,0.0,0.0417,,
llama3.2-3b,base,lvs,L27,27,0.001,pgd,0.0,0.0,0.0,0.0833,,
llama3.2-3b,base,lvs,L27,27,0.001,random,0.0,0.0,0.0,0.0417,,
llama3.2-3b,base,lvs,L27,27,0.005,pgd,0.1439,0.0427,0.3225,0.4167,,
llama3.2-3b,base,lvs,L27,27,0.005,random,0.0,0.0,0.0,0.0417,,
llama3.2-3b,base,steering,L27,27,,,,,,,0.0,0.0417
llama3.2-3b,base,steering,L27,27,,,,,,,0.03,0.0833
llama3.2-3b,base,steering,L27,27,,,,,,,0.06,0.0417
llama3.2-3b,base,steering,L27,27,,,,,,,0.12,0.0417
llama3.2-3b,base,steering,L27,27,,,,,,,0.24,0.0833
llama3.2-3b,dissociated,lvs,embedding,embedding,0.0005,pgd,0.0,0.0,0.0,0.0,,
llama3.2-3b,dissociated,lvs,embedding,embedding,0.0005,random,0.0,0.0,0.0,0.0,,
llama3.2-3b,dissociated,lvs,embedding,embedding,0.001,pgd,25.4164,16.3239,37.1961,0.5833,,
llama3.2-3b,dissociated,lvs,embedding,embedding,0.001,random,0.0,0.0,0.0,0.0,,
llama3.2-3b,dissociated,lvs,embedding,embedding,0.005,pgd,8.9169,5.4258,9.9125,0.8333,,
llama3.2-3b,dissociated,lvs,embedding,embedding,0.005,random,0.0,0.0,0.0,0.0,,
llama3.2-3b,dissociated,steering,embedding,embedding,,,,,,,0.0,0.0
llama3.2-3b,dissociated,steering,embedding,embedding,,,,,,,0.03,0.0
llama3.2-3b,dissociated,steering,embedding,embedding,,,,,,,0.06,0.0
llama3.2-3b,dissociated,steering,embedding,embedding,,,,,,,0.12,0.0
llama3.2-3b,dissociated,steering,embedding,embedding,,,,,,,0.24,0.0
llama3.2-3b,dissociated,lvs,L0,0,0.0005,pgd,6.4388,5.0501,7.6453,0.875,,
llama3.2-3b,dissociated,lvs,L0,0,0.0005,random,0.0,0.0,0.0,0.0,,
llama3.2-3b,dissociated,lvs,L0,0,0.001,pgd,3.1898,1.9977,4.8239,0.75,,
llama3.2-3b,dissociated,lvs,L0,0,0.001,random,0.0,0.0,0.0,0.0,,
llama3.2-3b,dissociated,lvs,L0,0,0.005,pgd,2.0012,1.559,2.1145,0.7083,,
llama3.2-3b,dissociated,lvs,L0,0,0.005,random,0.0,0.0,0.0,0.0,,
llama3.2-3b,dissociated,steering,L0,0,,,,,,,0.0,0.0
llama3.2-3b,dissociated,steering,L0,0,,,,,,,0.03,0.0
llama3.2-3b,dissociated,steering,L0,0,,,,,,,0.06,0.0
llama3.2-3b,dissociated,steering,L0,0,,,,,,,0.12,0.0
llama3.2-3b,dissociated,steering,L0,0,,,,,,,0.24,0.0
llama3.2-3b,dissociated,lvs,L1,1,0.0005,pgd,0.1851,0.1174,0.5141,0.0,,
llama3.2-3b,dissociated,lvs,L1,1,0.0005,random,0.461,0.1147,0.6896,0.2083,,
llama3.2-3b,dissociated,lvs,L1,1,0.001,pgd,0.1149,0.0219,0.2333,0.0,,
llama3.2-3b,dissociated,lvs,L1,1,0.001,random,0.1582,0.1014,0.3182,0.0,,
llama3.2-3b,dissociated,lvs,L1,1,0.005,pgd,0.1398,0.1038,0.1858,0.0,,
llama3.2-3b,dissociated,lvs,L1,1,0.005,random,0.0557,0.0362,0.1249,0.0,,
llama3.2-3b,dissociated,steering,L1,1,,,,,,,0.0,0.0
llama3.2-3b,dissociated,steering,L1,1,,,,,,,0.03,0.0
llama3.2-3b,dissociated,steering,L1,1,,,,,,,0.06,0.0
llama3.2-3b,dissociated,steering,L1,1,,,,,,,0.12,0.0
llama3.2-3b,dissociated,steering,L1,1,,,,,,,0.24,0.0
llama3.2-3b,dissociated,lvs,L2,2,0.0005,pgd,0.2835,0.1941,0.4944,0.125,,
llama3.2-3b,dissociated,lvs,L2,2,0.0005,random,0.8723,0.5779,1.0234,0.5417,,
llama3.2-3b,dissociated,lvs,L2,2,0.001,pgd,0.0776,0.0031,0.2174,0.0,,
llama3.2-3b,dissociated,lvs,L2,2,0.001,random,0.3133,0.098,0.4826,0.0417,,
llama3.2-3b,dissociated,lvs,L2,2,0.005,pgd,0.1063,0.0769,0.173,0.0,,
llama3.2-3b,dissociated,lvs,L2,2,0.005,random,0.1257,0.0823,0.1733,0.0,,
llama3.2-3b,dissociated,steering,L2,2,,,,,,,0.0,0.0
llama3.2-3b,dissociated,steering,L2,2,,,,,,,0.03,0.0
llama3.2-3b,dissociated,steering,L2,2,,,,,,,0.06,0.0
llama3.2-3b,dissociated,steering,L2,2,,,,,,,0.12,0.0
llama3.2-3b,dissociated,steering,L2,2,,,,,,,0.24,0.0
llama3.2-3b,dissociated,lvs,L3,3,0.0005,pgd,0.6425,0.5687,0.8024,0.25,,
llama3.2-3b,dissociated,lvs,L3,3,0.0005,random,0.1722,0.0,0.6929,0.375,,
llama3.2-3b,dissociated,lvs,L3,3,0.001,pgd,0.2584,0.0671,0.4744,0.0,,
llama3.2-3b,dissociated,lvs,L3,3,0.001,random,0.2664,0.0493,0.5437,0.0833,,
llama3.2-3b,dissociated,lvs,L3,3,0.005,pgd,0.0699,0.0259,0.1462,0.0,,
llama3.2-3b,dissociated,lvs,L3,3,0.005,random,0.1194,0.0248,0.1812,0.0,,
llama3.2-3b,dissociated,steering,L3,3,,,,,,,0.0,0.0
llama3.2-3b,dissociated,steering,L3,3,,,,,,,0.03,0.0
llama3.2-3b,dissociated,steering,L3,3,,,,,,,0.06,0.0
llama3.2-3b,dissociated,steering,L3,3,,,,,,,0.12,0.0
llama3.2-3b,dissociated,steering,L3,3,,,,,,,0.24,0.0
llama3.2-3b,dissociated,lvs,L4,4,0.0005,pgd,0.7624,0.6297,0.8934,0.5833,,
llama3.2-3b,dissociated,lvs,L4,4,0.0005,random,0.0,0.0,0.0077,0.0417,,
llama3.2-3b,dissociated,lvs,L4,4,0.001,pgd,0.2004,0.1156,0.3748,0.0417,,
llama3.2-3b,dissociated,lvs,L4,4,0.001,random,0.4674,0.0812,0.6732,0.25,,
llama3.2-3b,dissociated,lvs,L4,4,0.005,pgd,0.0774,0.0,0.1548,0.0,,
llama3.2-3b,dissociated,lvs,L4,4,0.005,random,0.1302,0.0248,0.1982,0.0,,
llama3.2-3b,dissociated,steering,L4,4,,,,,,,0.0,0.0
llama3.2-3b,dissociated,steering,L4,4,,,,,,,0.03,0.0
llama3.2-3b,dissociated,steering,L4,4,,,,,,,0.06,0.0
llama3.2-3b,dissociated,steering,L4,4,,,,,,,0.12,0.0
llama3.2-3b,dissociated,steering,L4,4,,,,,,,0.24,0.0417
llama3.2-3b,dissociated,lvs,L5,5,0.0005,pgd,0.7222,0.4552,0.8671,0.625,,
llama3.2-3b,dissociated,lvs,L5,5,0.0005,random,0.0,0.0,0.1765,0.2083,,
llama3.2-3b,dissociated,lvs,L5,5,0.001,pgd,0.3832,0.1187,0.4403,0.0833,,
llama3.2-3b,dissociated,lvs,L5,5,0.001,random,0.6928,0.4636,0.7788,0.4583,,
llama3.2-3b,dissociated,lvs,L5,5,0.005,pgd,0.116,0.0,0.1278,0.0,,
llama3.2-3b,dissociated,lvs,L5,5,0.005,random,0.0956,0.0387,0.1579,0.0,,
llama3.2-3b,dissociated,steering,L5,5,,,,,,,0.0,0.0
llama3.2-3b,dissociated,steering,L5,5,,,,,,,0.03,0.0
llama3.2-3b,dissociated,steering,L5,5,,,,,,,0.06,0.0
llama3.2-3b,dissociated,steering,L5,5,,,,,,,0.12,0.0
llama3.2-3b,dissociated,steering,L5,5,,,,,,,0.24,0.0833
llama3.2-3b,dissociated,lvs,L6,6,0.0005,pgd,0.6519,0.4175,0.9058,0.75,,
llama3.2-3b,dissociated,lvs,L6,6,0.0005,random,0.0,0.0,0.0,0.0833,,
llama3.2-3b,dissociated,lvs,L6,6,0.001,pgd,0.2538,0.0933,0.5668,0.25,,
llama3.2-3b,dissociated,lvs,L6,6,0.001,random,0.4939,0.1268,0.6892,0.375,,
llama3.2-3b,dissociated,lvs,L6,6,0.005,pgd,0.1099,0.0,0.165,0.0,,
llama3.2-3b,dissociated,lvs,L6,6,0.005,random,0.1259,0.0661,0.1727,0.0,,
llama3.2-3b,dissociated,steering,L6,6,,,,,,,0.0,0.0
llama3.2-3b,dissociated,steering,L6,6,,,,,,,0.03,0.0
llama3.2-3b,dissociated,steering,L6,6,,,,,,,0.06,0.0
llama3.2-3b,dissociated,steering,L6,6,,,,,,,0.12,0.0
llama3.2-3b,dissociated,steering,L6,6,,,,,,,0.24,0.0833
llama3.2-3b,dissociated,lvs,L7,7,0.0005,pgd,0.8225,0.5335,1.0411,0.875,,
llama3.2-3b,dissociated,lvs,L7,7,0.0005,random,0.0,0.0,0.1382,0.1667,,
llama3.2-3b,dissociated,lvs,L7,7,0.001,pgd,0.3093,0.1795,0.7162,0.1667,,
llama3.2-3b,dissociated,lvs,L7,7,0.001,random,0.1043,0.0,0.6632,0.3333,,
llama3.2-3b,dissociated,lvs,L7,7,0.005,pgd,0.092,0.0638,0.201,0.0,,
llama3.2-3b,dissociated,lvs,L7,7,0.005,random,0.115,0.0665,0.1942,0.0,,
llama3.2-3b,dissociated,steering,L7,7,,,,,,,0.0,0.0
llama3.2-3b,dissociated,steering,L7,7,,,,,,,0.03,0.0
llama3.2-3b,dissociated,steering,L7,7,,,,,,,0.06,0.0
llama3.2-3b,dissociated,steering,L7,7,,,,,,,0.12,0.0
llama3.2-3b,dissociated,steering,L7,7,,,,,,,0.24,0.625
llama3.2-3b,dissociated,lvs,L8,8,0.0005,pgd,0.7779,0.517,0.9693,0.75,,
llama3.2-3b,dissociated,lvs,L8,8,0.0005,random,0.0,0.0,0.0312,0.2083,,
llama3.2-3b,dissociated,lvs,L8,8,0.001,pgd,0.5327,0.3654,0.9352,0.4167,,
llama3.2-3b,dissociated,lvs,L8,8,0.001,random,0.76,0.434,0.906,0.7083,,
llama3.2-3b,dissociated,lvs,L8,8,0.005,pgd,0.0651,0.0393,0.1447,0.0,,
llama3.2-3b,dissociated,lvs,L8,8,0.005,random,0.128,0.0517,0.2442,0.0,,
llama3.2-3b,dissociated,steering,L8,8,,,,,,,0.0,0.0
llama3.2-3b,dissociated,steering,L8,8,,,,,,,0.03,0.0
llama3.2-3b,dissociated,steering,L8,8,,,,,,,0.06,0.0
llama3.2-3b,dissociated,steering,L8,8,,,,,,,0.12,0.25
llama3.2-3b,dissociated,steering,L8,8,,,,,,,0.24,0.8333
llama3.2-3b,dissociated,lvs,L9,9,0.0005,pgd,0.7419,0.6408,0.831,0.8333,,
llama3.2-3b,dissociated,lvs,L9,9,0.0005,random,0.0001,0.0,0.1495,0.125,,
llama3.2-3b,dissociated,lvs,L9,9,0.001,pgd,0.621,0.2986,0.8048,0.5833,,
llama3.2-3b,dissociated,lvs,L9,9,0.001,random,0.586,0.4434,0.8109,0.5417,,
llama3.2-3b,dissociated,lvs,L9,9,0.005,pgd,0.1474,0.1095,0.1888,0.0,,
llama3.2-3b,dissociated,lvs,L9,9,0.005,random,0.1863,0.0428,0.3097,0.0417,,
llama3.2-3b,dissociated,steering,L9,9,,,,,,,0.0,0.0
llama3.2-3b,dissociated,steering,L9,9,,,,,,,0.03,0.0
llama3.2-3b,dissociated,steering,L9,9,,,,,,,0.06,0.0
llama3.2-3b,dissociated,steering,L9,9,,,,,,,0.12,0.2917
llama3.2-3b,dissociated,steering,L9,9,,,,,,,0.24,0.75
llama3.2-3b,dissociated,lvs,L10,10,0.0005,pgd,0.8809,0.5515,1.0009,0.8333,,
llama3.2-3b,dissociated,lvs,L10,10,0.0005,random,0.1812,0.0164,0.8301,0.3333,,
llama3.2-3b,dissociated,lvs,L10,10,0.001,pgd,0.6001,0.2918,0.7685,0.3333,,
llama3.2-3b,dissociated,lvs,L10,10,0.001,random,0.7868,0.6129,0.9571,0.7083,,
llama3.2-3b,dissociated,lvs,L10,10,0.005,pgd,0.0967,0.0621,0.1801,0.0417,,
llama3.2-3b,dissociated,lvs,L10,10,0.005,random,0.3239,0.1832,0.3628,0.0417,,
llama3.2-3b,dissociated,steering,L10,10,,,,,,,0.0,0.0
llama3.2-3b,dissociated,steering,L10,10,,,,,,,0.03,0.0
llama3.2-3b,dissociated,steering,L10,10,,,,,,,0.06,0.0
llama3.2-3b,dissociated,steering,L10,10,,,,,,,0.12,0.5417
llama3.2-3b,dissociated,steering,L10,10,,,,,,,0.24,0.7917
llama3.2-3b,dissociated,lvs,L11,11,0.0005,pgd,0.9433,0.6214,1.0911,0.875,,
llama3.2-3b,dissociated,lvs,L11,11,0.0005,random,0.1629,0.0,0.8972,0.375,,
llama3.2-3b,dissociated,lvs,L11,11,0.001,pgd,0.4139,0.3614,0.4887,0.4583,,
llama3.2-3b,dissociated,lvs,L11,11,0.001,random,0.8531,0.5503,1.0678,0.7917,,
llama3.2-3b,dissociated,lvs,L11,11,0.005,pgd,0.1524,0.076,0.2146,0.0,,
llama3.2-3b,dissociated,lvs,L11,11,0.005,random,0.2467,0.1636,0.3427,0.125,,
llama3.2-3b,dissociated,steering,L11,11,,,,,,,0.0,0.0
llama3.2-3b,dissociated,steering,L11,11,,,,,,,0.03,0.0
llama3.2-3b,dissociated,steering,L11,11,,,,,,,0.06,0.0
llama3.2-3b,dissociated,steering,L11,11,,,,,,,0.12,0.875
llama3.2-3b,dissociated,steering,L11,11,,,,,,,0.24,0.7917
llama3.2-3b,dissociated,lvs,L12,12,0.0005,pgd,0.8706,0.4874,1.0848,0.8333,,
llama3.2-3b,dissociated,lvs,L12,12,0.0005,random,0.9781,0.6421,1.0954,0.7083,,
llama3.2-3b,dissociated,lvs,L12,12,0.001,pgd,0.5825,0.3657,0.7732,0.5417,,
llama3.2-3b,dissociated,lvs,L12,12,0.001,random,0.9553,0.5293,1.0128,0.75,,
llama3.2-3b,dissociated,lvs,L12,12,0.005,pgd,0.1624,0.1097,0.199,0.0,,
llama3.2-3b,dissociated,lvs,L12,12,0.005,random,0.3424,0.1531,0.4495,0.1667,,
llama3.2-3b,dissociated,steering,L12,12,,,,,,,0.0,0.0
llama3.2-3b,dissociated,steering,L12,12,,,,,,,0.03,0.0
llama3.2-3b,dissociated,steering,L12,12,,,,,,,0.06,0.25
llama3.2-3b,dissociated,steering,L12,12,,,,,,,0.12,0.8333
llama3.2-3b,dissociated,steering,L12,12,,,,,,,0.24,0.75
llama3.2-3b,dissociated,lvs,L13,13,0.0005,pgd,0.7361,0.5884,1.1155,0.9167,,
llama3.2-3b,dissociated,lvs,L13,13,0.0005,random,0.8636,0.6091,1.0806,0.7083,,
llama3.2-3b,dissociated,lvs,L13,13,0.001,pgd,0.3584,0.2607,0.6318,0.5,,
llama3.2-3b,dissociated,lvs,L13,13,0.001,random,0.6958,0.4039,0.8697,0.75,,
llama3.2-3b,dissociated,lvs,L13,13,0.005,pgd,0.1336,0.1042,0.2093,0.0,,
llama3.2-3b,dissociated,lvs,L13,13,0.005,random,0.3718,0.2653,0.5367,0.4167,,
llama3.2-3b,dissociated,steering,L13,13,,,,,,,0.0,0.0
llama3.2-3b,dissociated,steering,L13,13,,,,,,,0.03,0.0
llama3.2-3b,dissociated,steering,L13,13,,,,,,,0.06,0.7917
llama3.2-3b,dissociated,steering,L13,13,,,,,,,0.12,0.8333
llama3.2-3b,dissociated,steering,L13,13,,,,,,,0.24,0.75
llama3.2-3b,dissociated,lvs,L14,14,0.0005,pgd,0.7003,0.5021,0.9112,0.8333,,
llama3.2-3b,dissociated,lvs,L14,14,0.0005,random,0.6252,0.1799,0.8667,0.625,,
llama3.2-3b,dissociated,lvs,L14,14,0.001,pgd,0.7056,0.5061,0.871,0.8333,,
llama3.2-3b,dissociated,lvs,L14,14,0.001,random,0.8736,0.721,1.0094,0.8333,,
llama3.2-3b,dissociated,lvs,L14,14,0.005,pgd,0.0795,0.0494,0.1867,0.0,,
llama3.2-3b,dissociated,lvs,L14,14,0.005,random,0.5237,0.2399,0.5845,0.5417,,
llama3.2-3b,dissociated,steering,L14,14,,,,,,,0.0,0.0
llama3.2-3b,dissociated,steering,L14,14,,,,,,,0.03,0.75
llama3.2-3b,dissociated,steering,L14,14,,,,,,,0.06,0.8333
llama3.2-3b,dissociated,steering,L14,14,,,,,,,0.12,0.7917
llama3.2-3b,dissociated,steering,L14,14,,,,,,,0.24,0.75
llama3.2-3b,dissociated,lvs,L15,15,0.0005,pgd,0.8857,0.4757,1.1021,0.9583,,
llama3.2-3b,dissociated,lvs,L15,15,0.0005,random,0.6815,0.0814,0.9904,0.625,,
llama3.2-3b,dissociated,lvs,L15,15,0.001,pgd,0.5202,0.4438,0.6904,0.8333,,
llama3.2-3b,dissociated,lvs,L15,15,0.001,random,0.7134,0.5501,0.8664,0.8333,,
llama3.2-3b,dissociated,lvs,L15,15,0.005,pgd,0.16,0.079,0.2678,0.1667,,
llama3.2-3b,dissociated,lvs,L15,15,0.005,random,0.4452,0.2286,0.5988,0.5833,,
llama3.2-3b,dissociated,steering,L15,15,,,,,,,0.0,0.0
llama3.2-3b,dissociated,steering,L15,15,,,,,,,0.03,0.0
llama3.2-3b,dissociated,steering,L15,15,,,,,,,0.06,0.875
llama3.2-3b,dissociated,steering,L15,15,,,,,,,0.12,0.8333
llama3.2-3b,dissociated,steering,L15,15,,,,,,,0.24,0.875
llama3.2-3b,dissociated,lvs,L16,16,0.0005,pgd,0.7736,0.6179,1.0184,0.9167,,
llama3.2-3b,dissociated,lvs,L16,16,0.0005,random,0.0331,0.0,0.5968,0.375,,
llama3.2-3b,dissociated,lvs,L16,16,0.001,pgd,0.7314,0.504,0.8381,0.9167,,
llama3.2-3b,dissociated,lvs,L16,16,0.001,random,0.7967,0.5214,0.9545,0.75,,
llama3.2-3b,dissociated,lvs,L16,16,0.005,pgd,0.177,0.0609,0.2189,0.0833,,
llama3.2-3b,dissociated,lvs,L16,16,0.005,random,0.4045,0.2756,0.4936,0.5833,,
llama3.2-3b,dissociated,steering,L16,16,,,,,,,0.0,0.0
llama3.2-3b,dissociated,steering,L16,16,,,,,,,0.03,0.0
llama3.2-3b,dissociated,steering,L16,16,,,,,,,0.06,0.4583
llama3.2-3b,dissociated,steering,L16,16,,,,,,,0.12,0.8333
llama3.2-3b,dissociated,steering,L16,16,,,,,,,0.24,0.8333
llama3.2-3b,dissociated,lvs,L17,17,0.0005,pgd,0.9004,0.7141,1.1127,0.9583,,
llama3.2-3b,dissociated,lvs,L17,17,0.0005,random,0.0047,0.0,0.4924,0.2917,,
llama3.2-3b,dissociated,lvs,L17,17,0.001,pgd,0.6101,0.2549,0.8082,0.7917,,
llama3.2-3b,dissociated,lvs,L17,17,0.001,random,0.7416,0.4193,0.9603,0.6667,,
llama3.2-3b,dissociated,lvs,L17,17,0.005,pgd,0.1209,0.0778,0.2628,0.0833,,
llama3.2-3b,dissociated,lvs,L17,17,0.005,random,0.4603,0.3033,0.5662,0.625,,
llama3.2-3b,dissociated,steering,L17,17,,,,,,,0.0,0.0
llama3.2-3b,dissociated,steering,L17,17,,,,,,,0.03,0.0
llama3.2-3b,dissociated,steering,L17,17,,,,,,,0.06,0.0
llama3.2-3b,dissociated,steering,L17,17,,,,,,,0.12,0.75
llama3.2-3b,dissociated,steering,L17,17,,,,,,,0.24,0.8333
llama3.2-3b,dissociated,lvs,L18,18,0.0005,pgd,0.8955,0.708,1.0934,0.9167,,
llama3.2-3b,dissociated,lvs,L18,18,0.0005,random,0.0,0.0,0.0004,0.0833,,
llama3.2-3b,dissociated,lvs,L18,18,0.001,pgd,0.6001,0.5035,0.6454,0.8333,,
llama3.2-3b,dissociated,lvs,L18,18,0.001,random,0.473,0.0207,0.6572,0.4167,,
llama3.2-3b,dissociated,lvs,L18,18,0.005,pgd,0.2167,0.1462,0.2498,0.0417,,
llama3.2-3b,dissociated,lvs,L18,18,0.005,random,0.3574,0.2002,0.5017,0.75,,
llama3.2-3b,dissociated,steering,L18,18,,,,,,,0.0,0.0
llama3.2-3b,dissociated,steering,L18,18,,,,,,,0.03,0.0
llama3.2-3b,dissociated,steering,L18,18,,,,,,,0.06,0.0
llama3.2-3b,dissociated,steering,L18,18,,,,,,,0.12,0.2083
llama3.2-3b,dissociated,steering,L18,18,,,,,,,0.24,0.8333
llama3.2-3b,dissociated,lvs,L19,19,0.0005,pgd,0.8386,0.7056,1.0781,0.875,,
llama3.2-3b,dissociated,lvs,L19,19,0.0005,random,0.0,0.0,0.0,0.0,,
llama3.2-3b,dissociated,lvs,L19,19,0.001,pgd,0.6772,0.5617,0.8623,0.8333,,
llama3.2-3b,dissociated,lvs,L19,19,0.001,random,0.0797,0.0,0.5005,0.2917,,
llama3.2-3b,dissociated,lvs,L19,19,0.005,pgd,0.1588,0.1275,0.2381,0.0417,,
llama3.2-3b,dissociated,lvs,L19,19,0.005,random,0.4969,0.3249,0.6216,0.625,,
llama3.2-3b,dissociated,steering,L19,19,,,,,,,0.0,0.0
llama3.2-3b,dissociated,steering,L19,19,,,,,,,0.03,0.0
llama3.2-3b,dissociated,steering,L19,19,,,,,,,0.06,0.0
llama3.2-3b,dissociated,steering,L19,19,,,,,,,0.12,0.0
llama3.2-3b,dissociated,steering,L19,19,,,,,,,0.24,0.625
llama3.2-3b,dissociated,lvs,L20,20,0.0005,pgd,0.8519,0.6294,1.1747,0.9167,,
llama3.2-3b,dissociated,lvs,L20,20,0.0005,random,0.0,0.0,0.0,0.0,,
llama3.2-3b,dissociated,lvs,L20,20,0.001,pgd,0.5741,0.4517,0.7114,0.875,,
llama3.2-3b,dissociated,lvs,L20,20,0.001,random,0.0,0.0,0.0108,0.0,,
llama3.2-3b,dissociated,lvs,L20,20,0.005,pgd,0.1418,0.0417,0.219,0.0,,
llama3.2-3b,dissociated,lvs,L20,20,0.005,random,0.4667,0.2951,0.5597,0.6667,,
llama3.2-3b,dissociated,steering,L20,20,,,,,,,0.0,0.0
llama3.2-3b,dissociated,steering,L20,20,,,,,,,0.03,0.0
llama3.2-3b,dissociated,steering,L20,20,,,,,,,0.06,0.0
llama3.2-3b,dissociated,steering,L20,20,,,,,,,0.12,0.0
llama3.2-3b,dissociated,steering,L20,20,,,,,,,0.24,0.125
llama3.2-3b,dissociated,lvs,L21,21,0.0005,pgd,0.8345,0.6064,1.0937,0.9167,,
llama3.2-3b,dissociated,lvs,L21,21,0.0005,random,0.0,0.0,0.0001,0.0,,
llama3.2-3b,dissociated,lvs,L21,21,0.001,pgd,0.6495,0.5186,0.9172,0.8333,,
llama3.2-3b,dissociated,lvs,L21,21,0.001,random,0.0,0.0,0.0,0.0,,
llama3.2-3b,dissociated,lvs,L21,21,0.005,pgd,0.2255,0.1643,0.2594,0.0,,
llama3.2-3b,dissociated,lvs,L21,21,0.005,random,0.5397,0.3738,0.7207,0.75,,
llama3.2-3b,dissociated,steering,L21,21,,,,,,,0.0,0.0
llama3.2-3b,dissociated,steering,L21,21,,,,,,,0.03,0.0
llama3.2-3b,dissociated,steering,L21,21,,,,,,,0.06,0.0
llama3.2-3b,dissociated,steering,L21,21,,,,,,,0.12,0.0
llama3.2-3b,dissociated,steering,L21,21,,,,,,,0.24,0.0417
llama3.2-3b,dissociated,lvs,L22,22,0.0005,pgd,0.9889,0.6883,1.1722,0.9167,,
llama3.2-3b,dissociated,lvs,L22,22,0.0005,random,0.0,0.0,0.0,0.0,,
llama3.2-3b,dissociated,lvs,L22,22,0.001,pgd,0.6438,0.5193,0.7443,0.9583,,
llama3.2-3b,dissociated,lvs,L22,22,0.001,random,0.0,0.0,0.0,0.0,,
llama3.2-3b,dissociated,lvs,L22,22,0.005,pgd,0.2096,0.1803,0.2659,0.0417,,
llama3.2-3b,dissociated,lvs,L22,22,0.005,random,0.4975,0.4692,0.6767,0.7083,,
llama3.2-3b,dissociated,steering,L22,22,,,,,,,0.0,0.0
llama3.2-3b,dissociated,steering,L22,22,,,,,,,0.03,0.0
llama3.2-3b,dissociated,steering,L22,22,,,,,,,0.06,0.0
llama3.2-3b,dissociated,steering,L22,22,,,,,,,0.12,0.0
llama3.2-3b,dissociated,steering,L22,22,,,,,,,0.24,0.0
llama3.2-3b,dissociated,lvs,L23,23,0.0005,pgd,0.763,0.6838,1.0959,0.9583,,
llama3.2-3b,dissociated,lvs,L23,23,0.0005,random,0.0,0.0,0.0,0.0,,
llama3.2-3b,dissociated,lvs,L23,23,0.001,pgd,0.6438,0.4992,0.8322,0.875,,
llama3.2-3b,dissociated,lvs,L23,23,0.001,random,0.0,0.0,0.0,0.0,,
llama3.2-3b,dissociated,lvs,L23,23,0.005,pgd,0.1686,0.1052,0.2602,0.0833,,
llama3.2-3b,dissociated,lvs,L23,23,0.005,random,0.5164,0.306,0.607,0.6667,,
llama3.2-3b,dissociated,steering,L23,23,,,,,,,0.0,0.0
llama3.2-3b,dissociated,steering,L23,23,,,,,,,0.03,0.0
llama3.2-3b,dissociated,steering,L23,23,,,,,,,0.06,0.0
llama3.2-3b,dissociated,steering,L23,23,,,,,,,0.12,0.0
llama3.2-3b,dissociated,steering,L23,23,,,,,,,0.24,0.0
llama3.2-3b,dissociated,lvs,L24,24,0.0005,pgd,0.7846,0.6766,0.9872,0.9583,,
llama3.2-3b,dissociated,lvs,L24,24,0.0005,random,0.0,0.0,0.0,0.0,,
llama3.2-3b,dissociated,lvs,L24,24,0.001,pgd,0.6783,0.5542,0.7914,0.9167,,
llama3.2-3b,dissociated,lvs,L24,24,0.001,random,0.0,0.0,0.0,0.0,,
llama3.2-3b,dissociated,lvs,L24,24,0.005,pgd,0.216,0.1696,0.2281,0.2083,,
llama3.2-3b,dissociated,lvs,L24,24,0.005,random,0.0712,0.0059,0.3335,0.25,,
llama3.2-3b,dissociated,steering,L24,24,,,,,,,0.0,0.0
llama3.2-3b,dissociated,steering,L24,24,,,,,,,0.03,0.0
llama3.2-3b,dissociated,steering,L24,24,,,,,,,0.06,0.0
llama3.2-3b,dissociated,steering,L24,24,,,,,,,0.12,0.0
llama3.2-3b,dissociated,steering,L24,24,,,,,,,0.24,0.0
llama3.2-3b,dissociated,lvs,L25,25,0.0005,pgd,0.8905,0.7488,1.0026,0.875,,
llama3.2-3b,dissociated,lvs,L25,25,0.0005,random,0.0,0.0,0.0038,0.0,,
llama3.2-3b,dissociated,lvs,L25,25,0.001,pgd,0.6907,0.5551,0.8935,0.9167,,
llama3.2-3b,dissociated,lvs,L25,25,0.001,random,0.0,0.0,0.0,0.0,,
llama3.2-3b,dissociated,lvs,L25,25,0.005,pgd,0.2046,0.1456,0.2678,0.125,,
llama3.2-3b,dissociated,lvs,L25,25,0.005,random,0.0084,0.0,0.0628,0.125,,
llama3.2-3b,dissociated,steering,L25,25,,,,,,,0.0,0.0
llama3.2-3b,dissociated,steering,L25,25,,,,,,,0.03,0.0
llama3.2-3b,dissociated,steering,L25,25,,,,,,,0.06,0.0
llama3.2-3b,dissociated,steering,L25,25,,,,,,,0.12,0.0
llama3.2-3b,dissociated,steering,L25,25,,,,,,,0.24,0.0
llama3.2-3b,dissociated,lvs,L26,26,0.0005,pgd,0.3652,0.1245,0.5332,0.25,,
llama3.2-3b,dissociated,lvs,L26,26,0.0005,random,0.0,0.0,0.0,0.0,,
llama3.2-3b,dissociated,lvs,L26,26,0.001,pgd,0.3994,0.2754,0.6001,0.4583,,
llama3.2-3b,dissociated,lvs,L26,26,0.001,random,0.0,0.0,0.0,0.0,,
llama3.2-3b,dissociated,lvs,L26,26,0.005,pgd,0.1234,0.0442,0.2229,0.0833,,
llama3.2-3b,dissociated,lvs,L26,26,0.005,random,0.0,0.0,0.0089,0.0,,
llama3.2-3b,dissociated,steering,L26,26,,,,,,,0.0,0.0
llama3.2-3b,dissociated,steering,L26,26,,,,,,,0.03,0.0
llama3.2-3b,dissociated,steering,L26,26,,,,,,,0.06,0.0
llama3.2-3b,dissociated,steering,L26,26,,,,,,,0.12,0.0
llama3.2-3b,dissociated,steering,L26,26,,,,,,,0.24,0.0
llama3.2-3b,dissociated,lvs,L27,27,0.0005,pgd,0.0,0.0,0.0,0.0,,
llama3.2-3b,dissociated,lvs,L27,27,0.0005,random,0.0,0.0,0.0,0.0,,
llama3.2-3b,dissociated,lvs,L27,27,0.001,pgd,0.0,0.0,0.0,0.0,,
llama3.2-3b,dissociated,lvs,L27,27,0.001,random,0.0,0.0,0.0,0.0,,
llama3.2-3b,dissociated,lvs,L27,27,0.005,pgd,0.1307,0.0969,0.259,0.0,,
llama3.2-3b,dissociated,lvs,L27,27,0.005,random,0.0,0.0,0.0,0.0,,
llama3.2-3b,dissociated,steering,L27,27,,,,,,,0.0,0.0
llama3.2-3b,dissociated,steering,L27,27,,,,,,,0.03,0.0
llama3.2-3b,dissociated,steering,L27,27,,,,,,,0.06,0.0
llama3.2-3b,dissociated,steering,L27,27,,,,,,,0.12,0.0
llama3.2-3b,dissociated,steering,L27,27,,,,,,,0.24,0.0417
llama3.2-3b,harmful,lvs,embedding,embedding,0.0005,pgd,0.0,0.0,0.0,0.9167,,
llama3.2-3b,harmful,lvs,embedding,embedding,0.0005,random,0.0,0.0,0.0,0.875,,
llama3.2-3b,harmful,lvs,embedding,embedding,0.001,pgd,0.0,0.0,0.2666,0.875,,
llama3.2-3b,harmful,lvs,embedding,embedding,0.001,random,0.0,0.0,0.0,0.875,,
llama3.2-3b,harmful,lvs,embedding,embedding,0.005,pgd,0.3521,0.0,1.2422,0.9167,,
llama3.2-3b,harmful,lvs,embedding,embedding,0.005,random,0.0,0.0,0.0,0.875,,
llama3.2-3b,harmful,steering,embedding,embedding,,,,,,,0.0,0.9167
llama3.2-3b,harmful,steering,embedding,embedding,,,,,,,0.03,0.9167
llama3.2-3b,harmful,steering,embedding,embedding,,,,,,,0.06,0.875
llama3.2-3b,harmful,steering,embedding,embedding,,,,,,,0.12,0.875
llama3.2-3b,harmful,steering,embedding,embedding,,,,,,,0.24,0.875
llama3.2-3b,harmful,lvs,L0,0,0.0005,pgd,0.0,0.0,0.1437,0.9167,,
llama3.2-3b,harmful,lvs,L0,0,0.0005,random,0.0,0.0,0.0,0.875,,
llama3.2-3b,harmful,lvs,L0,0,0.001,pgd,0.1324,0.0,0.7028,0.9583,,
llama3.2-3b,harmful,lvs,L0,0,0.001,random,0.0,0.0,0.0,0.875,,
llama3.2-3b,harmful,lvs,L0,0,0.005,pgd,0.0469,0.0,0.5144,0.9167,,
llama3.2-3b,harmful,lvs,L0,0,0.005,random,0.0,0.0,0.1466,0.9167,,
llama3.2-3b,harmful,steering,L0,0,,,,,,,0.0,0.9167
llama3.2-3b,harmful,steering,L0,0,,,,,,,0.03,0.8333
llama3.2-3b,harmful,steering,L0,0,,,,,,,0.06,0.875
llama3.2-3b,harmful,steering,L0,0,,,,,,,0.12,0.8333
llama3.2-3b,harmful,steering,L0,0,,,,,,,0.24,0.8333
llama3.2-3b,harmful,lvs,L1,1,0.0005,pgd,0.0,0.0,0.0,0.0,,
llama3.2-3b,harmful,lvs,L1,1,0.0005,random,0.1246,0.0,0.2394,0.7083,,
llama3.2-3b,harmful,lvs,L1,1,0.001,pgd,0.0,0.0,0.0,0.0,,
llama3.2-3b,harmful,lvs,L1,1,0.001,random,0.0,0.0,0.0,0.0,,
llama3.2-3b,harmful,lvs,L1,1,0.005,pgd,0.0,0.0,0.0,0.0,,
llama3.2-3b,harmful,lvs,L1,1,0.005,random,0.0,0.0,0.0,0.0,,
llama3.2-3b,harmful,steering,L1,1,,,,,,,0.0,0.9167
llama3.2-3b,harmful,steering,L1,1,,,,,,,0.03,0.875
llama3.2-3b,harmful,steering,L1,1,,,,,,,0.06,0.9167
llama3.2-3b,harmful,steering,L1,1,,,,,,,0.12,0.8333
llama3.2-3b,harmful,steering,L1,1,,,,,,,0.24,0.875
llama3.2-3b,harmful,lvs,L2,2,0.0005,pgd,0.0,0.0,0.1184,0.3333,,
llama3.2-3b,harmful,lvs,L2,2,0.0005,random,0.038,0.0,0.1965,0.7083,,
llama3.2-3b,harmful,lvs,L2,2,0.001,pgd,0.0,0.0,0.0,0.0,,
llama3.2-3b,harmful,lvs,L2,2,0.001,random,0.0,0.0,0.0,0.2083,,
llama3.2-3b,harmful,lvs,L2,2,0.005,pgd,0.0,0.0,0.0,0.0833,,
llama3.2-3b,harmful,lvs,L2,2,0.005,random,0.0,0.0,0.0,0.0,,
llama3.2-3b,harmful,steering,L2,2,,,,,,,0.0,0.9167
llama3.2-3b,harmful,steering,L2,2,,,,,,,0.03,0.875
llama3.2-3b,harmful,steering,L2,2,,,,,,,0.06,0.9167
llama3.2-3b,harmful,steering,L2,2,,,,,,,0.12,0.7917
llama3.2-3b,harmful,steering,L2,2,,,,,,,0.24,0.8333
llama3.2-3b,harmful,lvs,L3,3,0.0005,pgd,0.0103,0.0,0.1743,0.625,,
llama3.2-3b,harmful,lvs,L3,3,0.0005,random,0.0,0.0,0.0768,0.9167,,
llama3.2-3b,harmful,lvs,L3,3,0.001,pgd,0.0,0.0,0.0605,0.0833,,
llama3.2-3b,harmful,lvs,L3,3,0.001,random,0.0098,0.0,0.146,0.6667,,
llama3.2-3b,harmful,lvs,L3,3,0.005,pgd,0.0,0.0,0.0,0.0417,,
llama3.2-3b,harmful,lvs,L3,3,0.005,random,0.0,0.0,0.0,0.0,,
llama3.2-3b,harmful,steering,L3,3,,,,,,,0.0,0.9167
llama3.2-3b,harmful,steering,L3,3,,,,,,,0.03,0.875
llama3.2-3b,harmful,steering,L3,3,,,,,,,0.06,0.8333
llama3.2-3b,harmful,steering,L3,3,,,,,,,0.12,0.7917
llama3.2-3b,harmful,steering,L3,3,,,,,,,0.24,0.8333
llama3.2-3b,harmful,lvs,L4,4,0.0005,pgd,0.0,0.0,0.1287,0.6667,,
llama3.2-3b,harmful,lvs,L4,4,0.0005,random,0.0,0.0,0.0597,0.7917,,
llama3.2-3b,harmful,lvs,L4,4,0.001,pgd,0.0,0.0,0.024,0.375,,
llama3.2-3b,harmful,lvs,L4,4,0.001,random,0.0309,0.0,0.1597,0.5417,,
llama3.2-3b,harmful,lvs,L4,4,0.005,pgd,0.0,0.0,0.0,0.0,,
llama3.2-3b,harmful,lvs,L4,4,0.005,random,0.0,0.0,0.0,0.0,,
llama3.2-3b,harmful,steering,L4,4,,,,,,,0.0,0.9167
llama3.2-3b,harmful,steering,L4,4,,,,,,,0.03,0.9167
llama3.2-3b,harmful,steering,L4,4,,,,,,,0.06,0.875
llama3.2-3b,harmful,steering,L4,4,,,,,,,0.12,0.875
llama3.2-3b,harmful,steering,L4,4,,,,,,,0.24,0.8333
llama3.2-3b,harmful,lvs,L5,5,0.0005,pgd,0.0856,0.0,0.251,0.8333,,
llama3.2-3b,harmful,lvs,L5,5,0.0005,random,0.0159,0.0,0.1493,0.7083,,
llama3.2-3b,harmful,lvs,L5,5,0.001,pgd,0.0,0.0,0.1733,0.4583,,
llama3.2-3b,harmful,lvs,L5,5,0.001,random,0.0356,0.0,0.1945,0.7917,,
llama3.2-3b,harmful,lvs,L5,5,0.005,pgd,0.0,0.0,0.0,0.0417,,
llama3.2-3b,harmful,lvs,L5,5,0.005,random,0.0,0.0,0.0,0.0,,
llama3.2-3b,harmful,steering,L5,5,,,,,,,0.0,0.9167
llama3.2-3b,harmful,steering,L5,5,,,,,,,0.03,0.875
llama3.2-3b,harmful,steering,L5,5,,,,,,,0.06,0.8333
llama3.2-3b,harmful,steering,L5,5,,,,,,,0.12,0.9167
llama3.2-3b,harmful,steering,L5,5,,,,,,,0.24,0.8333
llama3.2-3b,harmful,lvs,L6,6,0.0005,pgd,0.002,0.0,0.11,0.8333,,
llama3.2-3b,harmful,lvs,L6,6,0.0005,random,0.0,0.0,0.0974,0.875,,
llama3.2-3b,harmful,lvs,L6,6,0.001,pgd,0.0,0.0,0.2231,0.4167,,
llama3.2-3b,harmful,lvs,L6,6,0.001,random,0.1072,0.0,0.2305,0.7917,,
llama3.2-3b,harmful,lvs,L6,6,0.005,pgd,0.0,0.0,0.0,0.2083,,
llama3.2-3b,harmful,lvs,L6,6,0.005,random,0.0,0.0,0.0,0.0417,,
llama3.2-3b,harmful,steering,L6,6,,,,,,,0.0,0.9167
llama3.2-3b,harmful,steering,L6,6,,,,,,,0.03,0.875
llama3.2-3b,harmful,steering,L6,6,,,,,,,0.06,0.7917
llama3.2-3b,harmful,steering,L6,6,,,,,,,0.12,0.7917
llama3.2-3b,harmful,steering,L6,6,,,,,,,0.24,0.7917
llama3.2-3b,harmful,lvs,L7,7,0.0005,pgd,0.0,0.0,0.0169,0.7917,,
llama3.2-3b,harmful,lvs,L7,7,0.0005,random,0.0354,0.0,0.1332,0.875,,
llama3.2-3b,harmful,lvs,L7,7,0.001,pgd,0.0,0.0,0.2228,0.5833,,
llama3.2-3b,harmful,lvs,L7,7,0.001,random,0.0105,0.0,0.1675,0.7917,,
llama3.2-3b,harmful,lvs,L7,7,0.005,pgd,0.0,0.0,0.0,0.0417,,
llama3.2-3b,harmful,lvs,L7,7,0.005,random,0.0,0.0,0.0,0.0417,,
llama3.2-3b,harmful,steering,L7,7,,,,,,,0.0,0.9167
llama3.2-3b,harmful,steering,L7,7,,,,,,,0.03,0.875
llama3.2-3b,harmful,steering,L7,7,,,,,,,0.06,0.8333
llama3.2-3b,harmful,steering,L7,7,,,,,,,0.12,0.75
llama3.2-3b,harmful,steering,L7,7,,,,,,,0.24,0.7917
llama3.2-3b,harmful,lvs,L8,8,0.0005,pgd,0.0133,0.0,0.2459,0.9167,,
llama3.2-3b,harmful,lvs,L8,8,0.0005,random,0.0,0.0,0.1492,0.8333,,
llama3.2-3b,harmful,lvs,L8,8,0.001,pgd,0.1093,0.0,0.3442,0.5833,,
llama3.2-3b,harmful,lvs,L8,8,0.001,random,0.0513,0.0,0.1286,0.75,,
llama3.2-3b,harmful,lvs,L8,8,0.005,pgd,0.0,0.0,0.0,0.0,,
llama3.2-3b,harmful,lvs,L8,8,0.005,random,0.0,0.0,0.0,0.0833,,
llama3.2-3b,harmful,steering,L8,8,,,,,,,0.0,0.9167
llama3.2-3b,harmful,steering,L8,8,,,,,,,0.03,0.8333
llama3.2-3b,harmful,steering,L8,8,,,,,,,0.06,0.7917
llama3.2-3b,harmful,steering,L8,8,,,,,,,0.12,0.8333
llama3.2-3b,harmful,steering,L8,8,,,,,,,0.24,0.8333
llama3.2-3b,harmful,lvs,L9,9,0.0005,pgd,0.0122,0.0,0.1187,0.9167,,
llama3.2-3b,harmful,lvs,L9,9,0.0005,random,0.0,0.0,0.0369,0.7083,,
llama3.2-3b,harmful,lvs,L9,9,0.001,pgd,0.0,0.0,0.0483,0.5833,,
llama3.2-3b,harmful,lvs,L9,9,0.001,random,0.0461,0.0,0.2228,0.875,,
llama3.2-3b,harmful,lvs,L9,9,0.005,pgd,0.0,0.0,0.0,0.0417,,
llama3.2-3b,harmful,lvs,L9,9,0.005,random,0.0,0.0,0.0,0.0,,
llama3.2-3b,harmful,steering,L9,9,,,,,,,0.0,0.9167
llama3.2-3b,harmful,steering,L9,9,,,,,,,0.03,0.75
llama3.2-3b,harmful,steering,L9,9,,,,,,,0.06,0.7917
llama3.2-3b,harmful,steering,L9,9,,,,,,,0.12,0.875
llama3.2-3b,harmful,steering,L9,9,,,,,,,0.24,0.7917
llama3.2-3b,harmful,lvs,L10,10,0.0005,pgd,0.0,0.0,0.1622,0.8333,,
llama3.2-3b,harmful,lvs,L10,10,0.0005,random,0.0786,0.0088,0.2085,0.7917,,
llama3.2-3b,harmful,lvs,L10,10,0.001,pgd,0.0,0.0,0.0473,0.5417,,
llama3.2-3b,harmful,lvs,L10,10,0.001,random,0.0081,0.0,0.1946,0.7917,,
llama3.2-3b,harmful,lvs,L10,10,0.005,pgd,0.0,0.0,0.0,0.0833,,
llama3.2-3b,harmful,lvs,L10,10,0.005,random,0.0,0.0,0.0212,0.125,,
llama3.2-3b,harmful,steering,L10,10,,,,,,,0.0,0.9167
llama3.2-3b,harmful,steering,L10,10,,,,,,,0.03,0.875
llama3.2-3b,harmful,steering,L10,10,,,,,,,0.06,0.875
llama3.2-3b,harmful,steering,L10,10,,,,,,,0.12,0.8333
llama3.2-3b,harmful,steering,L10,10,,,,,,,0.24,0.8333
llama3.2-3b,harmful,lvs,L11,11,0.0005,pgd,0.0465,0.0,0.2096,0.9583,,
llama3.2-3b,harmful,lvs,L11,11,0.0005,random,0.0,0.0,0.2277,0.8333,,
llama3.2-3b,harmful,lvs,L11,11,0.001,pgd,0.0,0.0,0.0961,0.75,,
llama3.2-3b,harmful,lvs,L11,11,0.001,random,0.0,0.0,0.0498,0.7917,,
llama3.2-3b,harmful,lvs,L11,11,0.005,pgd,0.0,0.0,0.0,0.0417,,
llama3.2-3b,harmful,lvs,L11,11,0.005,random,0.0,0.0,0.0,0.1667,,
llama3.2-3b,harmful,steering,L11,11,,,,,,,0.0,0.9167
llama3.2-3b,harmful,steering,L11,11,,,,,,,0.03,0.9167
llama3.2-3b,harmful,steering,L11,11,,,,,,,0.06,0.875
llama3.2-3b,harmful,steering,L11,11,,,,,,,0.12,0.8333
llama3.2-3b,harmful,steering,L11,11,,,,,,,0.24,0.7917
llama3.2-3b,harmful,lvs,L12,12,0.0005,pgd,0.0011,0.0,0.3239,0.8333,,
llama3.2-3b,harmful,lvs,L12,12,0.0005,random,0.0635,0.0,0.2602,0.8333,,
llama3.2-3b,harmful,lvs,L12,12,0.001,pgd,0.0,0.0,0.0057,0.7083,,
llama3.2-3b,harmful,lvs,L12,12,0.001,random,0.0,0.0,0.1272,0.8333,,
llama3.2-3b,harmful,lvs,L12,12,0.005,pgd,0.0,0.0,0.0,0.0833,,
llama3.2-3b,harmful,lvs,L12,12,0.005,random,0.0,0.0,0.1608,0.3333,,
llama3.2-3b,harmful,steering,L12,12,,,,,,,0.0,0.9167
llama3.2-3b,harmful,steering,L12,12,,,,,,,0.03,0.8333
llama3.2-3b,harmful,steering,L12,12,,,,,,,0.06,0.875
llama3.2-3b,harmful,steering,L12,12,,,,,,,0.12,0.75
llama3.2-3b,harmful,steering,L12,12,,,,,,,0.24,0.8333
llama3.2-3b,harmful,lvs,L13,13,0.0005,pgd,0.0,0.0,0.0826,0.9583,,
llama3.2-3b,harmful,lvs,L13,13,0.0005,random,0.0,0.0,0.022,0.75,,
llama3.2-3b,harmful,lvs,L13,13,0.001,pgd,0.0,0.0,0.0,0.6667,,
llama3.2-3b,harmful,lvs,L13,13,0.001,random,0.081,0.0,0.2555,0.8333,,
llama3.2-3b,harmful,lvs,L13,13,0.005,pgd,0.0,0.0,0.0,0.125,,
llama3.2-3b,harmful,lvs,L13,13,0.005,random,0.0,0.0,0.0,0.5417,,
llama3.2-3b,harmful,steering,L13,13,,,,,,,0.0,0.9167
llama3.2-3b,harmful,steering,L13,13,,,,,,,0.03,0.8333
llama3.2-3b,harmful,steering,L13,13,,,,,,,0.06,0.8333
llama3.2-3b,harmful,steering,L13,13,,,,,,,0.12,0.7917
llama3.2-3b,harmful,steering,L13,13,,,,,,,0.24,0.75
llama3.2-3b,harmful,lvs,L14,14,0.0005,pgd,0.0168,0.0,0.1609,0.875,,
llama3.2-3b,harmful,lvs,L14,14,0.0005,random,0.0,0.0,0.0177,0.7917,,
llama3.2-3b,harmful,lvs,L14,14,0.001,pgd,0.0365,0.0,0.1796,0.875,,
llama3.2-3b,harmful,lvs,L14,14,0.001,random,0.0802,0.0,0.1574,0.9167,,
llama3.2-3b,harmful,lvs,L14,14,0.005,pgd,0.0,0.0,0.0,0.25,,
llama3.2-3b,harmful,lvs,L14,14,0.005,random,0.0113,0.0,0.0972,0.75,,
llama3.2-3b,harmful,steering,L14,14,,,,,,,0.0,0.9167
llama3.2-3b,harmful,steering,L14,14,,,,,,,0.03,0.8333
llama3.2-3b,harmful,steering,L14,14,,,,,,,0.06,0.8333
llama3.2-3b,harmful,steering,L14,14,,,,,,,0.12,0.75
llama3.2-3b,harmful,steering,L14,14,,,,,,,0.24,0.6667
llama3.2-3b,harmful,lvs,L15,15,0.0005,pgd,0.0,0.0,0.1788,1.0,,
llama3.2-3b,harmful,lvs,L15,15,0.0005,random,0.0,0.0,0.0591,0.875,,
llama3.2-3b,harmful,lvs,L15,15,0.001,pgd,0.0,0.0,0.0436,0.9167,,
llama3.2-3b,harmful,lvs,L15,15,0.001,random,0.0032,0.0,0.0921,0.7917,,
llama3.2-3b,harmful,lvs,L15,15,0.005,pgd,0.0,0.0,0.0,0.125,,
llama3.2-3b,harmful,lvs,L15,15,0.005,random,0.0,0.0,0.0258,0.6667,,
llama3.2-3b,harmful,steering,L15,15,,,,,,,0.0,0.9167
llama3.2-3b,harmful,steering,L15,15,,,,,,,0.03,0.7917
llama3.2-3b,harmful,steering,L15,15,,,,,,,0.06,0.8333
llama3.2-3b,harmful,steering,L15,15,,,,,,,0.12,0.75
llama3.2-3b,harmful,steering,L15,15,,,,,,,0.24,0.75
llama3.2-3b,harmful,lvs,L16,16,0.0005,pgd,0.0332,0.0,0.1289,0.9583,,
llama3.2-3b,harmful,lvs,L16,16,0.0005,random,0.0,0.0,0.0876,0.7917,,
llama3.2-3b,harmful,lvs,L16,16,0.001,pgd,0.0,0.0,0.0947,0.9167,,
llama3.2-3b,harmful,lvs,L16,16,0.001,random,0.0157,0.0,0.1009,0.875,,
llama3.2-3b,harmful,lvs,L16,16,0.005,pgd,0.0,0.0,0.0,0.125,,
llama3.2-3b,harmful,lvs,L16,16,0.005,random,0.0407,0.0,0.1708,0.875,,
llama3.2-3b,harmful,steering,L16,16,,,,,,,0.0,0.9167
llama3.2-3b,harmful,steering,L16,16,,,,,,,0.03,0.875
llama3.2-3b,harmful,steering,L16,16,,,,,,,0.06,0.8333
llama3.2-3b,harmful,steering,L16,16,,,,,,,0.12,0.7917
llama3.2-3b,harmful,steering,L16,16,,,,,,,0.24,0.75
llama3.2-3b,harmful,lvs,L17,17,0.0005,pgd,0.0291,0.0,0.2211,1.0,,
llama3.2-3b,harmful,lvs,L17,17,0.0005,random,0.0,0.0,0.0716,0.875,,
llama3.2-3b,harmful,lvs,L17,17,0.001,pgd,0.0101,0.0,0.1088,0.9583,,
llama3.2-3b,harmful,lvs,L17,17,0.001,random,0.0277,0.0,0.2276,0.8333,,
llama3.2-3b,harmful,lvs,L17,17,0.005,pgd,0.0,0.0,0.0,0.25,,
llama3.2-3b,harmful,lvs,L17,17,0.005,random,0.0,0.0,0.0807,0.7083,,
llama3.2-3b,harmful,steering,L17,17,,,,,,,0.0,0.9167
llama3.2-3b,harmful,steering,L17,17,,,,,,,0.03,0.8333
llama3.2-3b,harmful,steering,L17,17,,,,,,,0.06,0.75
llama3.2-3b,harmful,steering,L17,17,,,,,,,0.12,0.8333
llama3.2-3b,harmful,steering,L17,17,,,,,,,0.24,0.75
llama3.2-3b,harmful,lvs,L18,18,0.0005,pgd,0.1203,0.0224,0.2717,1.0,,
llama3.2-3b,harmful,lvs,L18,18,0.0005,random,0.008,0.0,0.1451,0.875,,
llama3.2-3b,harmful,lvs,L18,18,0.001,pgd,0.0025,0.0,0.2317,0.8333,,
llama3.2-3b,harmful,lvs,L18,18,0.001,random,0.0,0.0,0.0641,0.75,,
llama3.2-3b,harmful,lvs,L18,18,0.005,pgd,0.0,0.0,0.0,0.2083,,
llama3.2-3b,harmful,lvs,L18,18,0.005,random,0.043,0.0,0.1273,0.6667,,
llama3.2-3b,harmful,steering,L18,18,,,,,,,0.0,0.9167
llama3.2-3b,harmful,steering,L18,18,,,,,,,0.03,0.7917
llama3.2-3b,harmful,steering,L18,18,,,,,,,0.06,0.75
llama3.2-3b,harmful,steering,L18,18,,,,,,,0.12,0.7917
llama3.2-3b,harmful,steering,L18,18,,,,,,,0.24,0.7083
llama3.2-3b,harmful,lvs,L19,19,0.0005,pgd,0.1107,0.0,0.3097,0.9167,,
llama3.2-3b,harmful,lvs,L19,19,0.0005,random,0.0,0.0,0.0279,0.9167,,
llama3.2-3b,harmful,lvs,L19,19,0.001,pgd,0.01,0.0,0.1247,0.9583,,
llama3.2-3b,harmful,lvs,L19,19,0.001,random,0.0,0.0,0.0357,0.875,,
llama3.2-3b,harmful,lvs,L19,19,0.005,pgd,0.0,0.0,0.0,0.2917,,
llama3.2-3b,harmful,lvs,L19,19,0.005,random,0.0,0.0,0.0029,0.7917,,
llama3.2-3b,harmful,steering,L19,19,,,,,,,0.0,0.9167
llama3.2-3b,harmful,steering,L19,19,,,,,,,0.03,0.7917
llama3.2-3b,harmful,steering,L19,19,,,,,,,0.06,0.7917
llama3.2-3b,harmful,steering,L19,19,,,,,,,0.12,0.8333
llama3.2-3b,harmful,steering,L19,19,,,,,,,0.24,0.8333
llama3.2-3b,harmful,lvs,L20,20,0.0005,pgd,0.0538,0.0,0.264,0.9167,,
llama3.2-3b,harmful,lvs,L20,20,0.0005,random,0.0,0.0,0.0,0.9167,,
llama3.2-3b,harmful,lvs,L20,20,0.001,pgd,0.045,0.0,0.1831,1.0,,
llama3.2-3b,harmful,lvs,L20,20,0.001,random,0.0,0.0,0.0719,0.7917,,
llama3.2-3b,harmful,lvs,L20,20,0.005,pgd,0.0,0.0,0.0,0.125,,
llama3.2-3b,harmful,lvs,L20,20,0.005,random,0.0103,0.0,0.0484,0.7917,,
llama3.2-3b,harmful,steering,L20,20,,,,,,,0.0,0.9167
llama3.2-3b,harmful,steering,L20,20,,,,,,,0.03,0.7917
llama3.2-3b,harmful,steering,L20,20,,,,,,,0.06,0.7917
llama3.2-3b,harmful,steering,L20,20,,,,,,,0.12,0.75
llama3.2-3b,harmful,steering,L20,20,,,,,,,0.24,0.8333
llama3.2-3b,harmful,lvs,L21,21,0.0005,pgd,0.015,0.0,0.1798,0.9167,,
llama3.2-3b,harmful,lvs,L21,21,0.0005,random,0.0,0.0,0.0,0.875,,
llama3.2-3b,harmful,lvs,L21,21,0.001,pgd,0.0,0.0,0.2089,0.9583,,
llama3.2-3b,harmful,lvs,L21,21,0.001,random,0.0,0.0,0.0091,0.8333,,
llama3.2-3b,harmful,lvs,L21,21,0.005,pgd,0.0,0.0,0.0,0.1667,,
llama3.2-3b,harmful,lvs,L21,21,0.005,random,0.0,0.0,0.0219,0.7083,,
llama3.2-3b,harmful,steering,L21,21,,,,,,,0.0,0.9167
llama3.2-3b,harmful,steering,L21,21,,,,,,,0.03,0.7917
llama3.2-3b,harmful,steering,L21,21,,,,,,,0.06,0.75
llama3.2-3b,harmful,steering,L21,21,,,,,,,0.12,0.8333
llama3.2-3b,harmful,steering,L21,21,,,,,,,0.24,0.75
llama3.2-3b,harmful,lvs,L22,22,0.0005,pgd,0.0554,0.0,0.1089,0.875,,
llama3.2-3b,harmful,lvs,L22,22,0.0005,random,0.0,0.0,0.0,0.9167,,
llama3.2-3b,harmful,lvs,L22,22,0.001,pgd,0.029,0.0,0.1058,0.9167,,
llama3.2-3b,harmful,lvs,L22,22,0.001,random,0.0,0.0,0.0,0.875,,
llama3.2-3b,harmful,lvs,L22,22,0.005,pgd,0.0,0.0,0.0,0.25,,
llama3.2-3b,harmful,lvs,L22,22,0.005,random,0.002,0.0,0.0982,0.7083,,
llama3.2-3b,harmful,steering,L22,22,,,,,,,0.0,0.9167
llama3.2-3b,harmful,steering,L22,22,,,,,,,0.03,0.8333
llama3.2-3b,harmful,steering,L22,22,,,,,,,0.06,0.7083
llama3.2-3b,harmful,steering,L22,22,,,,,,,0.12,0.75
llama3.2-3b,harmful,steering,L22,22,,,,,,,0.24,0.8333
llama3.2-3b,harmful,lvs,L23,23,0.0005,pgd,0.0,0.0,0.0902,0.9167,,
llama3.2-3b,harmful,lvs,L23,23,0.0005,random,0.0,0.0,0.0,0.8333,,
llama3.2-3b,harmful,lvs,L23,23,0.001,pgd,0.0,0.0,0.0132,0.875,,
llama3.2-3b,harmful,lvs,L23,23,0.001,random,0.0,0.0,0.0225,0.8333,,
llama3.2-3b,harmful,lvs,L23,23,0.005,pgd,0.0,0.0,0.0,0.2083,,
llama3.2-3b,harmful,lvs,L23,23,0.005,random,0.0,0.0,0.0919,0.75,,
llama3.2-3b,harmful,steering,L23,23,,,,,,,0.0,0.9167
llama3.2-3b,harmful,steering,L23,23,,,,,,,0.03,0.7917
llama3.2-3b,harmful,steering,L23,23,,,,,,,0.06,0.75
llama3.2-3b,harmful,steering,L23,23,,,,,,,0.12,0.75
llama3.2-3b,harmful,steering,L23,23,,,,,,,0.24,0.75
llama3.2-3b,harmful,lvs,L24,24,0.0005,pgd,0.0561,0.0,0.1972,0.875,,
llama3.2-3b,harmful,lvs,L24,24,0.0005,random,0.0,0.0,0.0,0.8333,,
llama3.2-3b,harmful,lvs,L24,24,0.001,pgd,0.0264,0.0,0.167,0.875,,
llama3.2-3b,harmful,lvs,L24,24,0.001,random,0.0,0.0,0.014,0.7917,,
llama3.2-3b,harmful,lvs,L24,24,0.005,pgd,0.0,0.0,0.0,0.2917,,
llama3.2-3b,harmful,lvs,L24,24,0.005,random,0.0,0.0,0.0462,0.7917,,
llama3.2-3b,harmful,steering,L24,24,,,,,,,0.0,0.9167
llama3.2-3b,harmful,steering,L24,24,,,,,,,0.03,0.75
llama3.2-3b,harmful,steering,L24,24,,,,,,,0.06,0.875
llama3.2-3b,harmful,steering,L24,24,,,,,,,0.12,0.7917
llama3.2-3b,harmful,steering,L24,24,,,,,,,0.24,0.6667
llama3.2-3b,harmful,lvs,L25,25,0.0005,pgd,0.0,0.0,0.1888,1.0,,
llama3.2-3b,harmful,lvs,L25,25,0.0005,random,0.0,0.0,0.0,0.9167,,
llama3.2-3b,harmful,lvs,L25,25,0.001,pgd,0.1417,0.0,0.1843,0.9583,,
llama3.2-3b,harmful,lvs,L25,25,0.001,random,0.0,0.0,0.0,0.8333,,
llama3.2-3b,harmful,lvs,L25,25,0.005,pgd,0.0,0.0,0.0,0.2917,,
llama3.2-3b,harmful,lvs,L25,25,0.005,random,0.0,0.0,0.0369,0.75,,
llama3.2-3b,harmful,steering,L25,25,,,,,,,0.0,0.9167
llama3.2-3b,harmful,steering,L25,25,,,,,,,0.03,0.875
llama3.2-3b,harmful,steering,L25,25,,,,,,,0.06,0.7917
llama3.2-3b,harmful,steering,L25,25,,,,,,,0.12,0.75
llama3.2-3b,harmful,steering,L25,25,,,,,,,0.24,0.7083
llama3.2-3b,harmful,lvs,L26,26,0.0005,pgd,0.1146,0.0105,0.2033,0.9583,,
llama3.2-3b,harmful,lvs,L26,26,0.0005,random,0.0,0.0,0.0,0.875,,
llama3.2-3b,harmful,lvs,L26,26,0.001,pgd,0.0267,0.0,0.1417,0.9583,,
llama3.2-3b,harmful,lvs,L26,26,0.001,random,0.0,0.0,0.0,0.7917,,
llama3.2-3b,harmful,lvs,L26,26,0.005,pgd,0.0,0.0,0.0,0.4167,,
llama3.2-3b,harmful,lvs,L26,26,0.005,random,0.0304,0.0,0.1796,0.875,,
llama3.2-3b,harmful,steering,L26,26,,,,,,,0.0,0.9167
llama3.2-3b,harmful,steering,L26,26,,,,,,,0.03,0.875
llama3.2-3b,harmful,steering,L26,26,,,,,,,0.06,0.875
llama3.2-3b,harmful,steering,L26,26,,,,,,,0.12,0.875
llama3.2-3b,harmful,steering,L26,26,,,,,,,0.24,0.75
llama3.2-3b,harmful,lvs,L27,27,0.0005,pgd,0.0,0.0,0.0,0.875,,
llama3.2-3b,harmful,lvs,L27,27,0.0005,random,0.0,0.0,0.0,0.875,,
llama3.2-3b,harmful,lvs,L27,27,0.001,pgd,0.0,0.0,0.1429,1.0,,
llama3.2-3b,harmful,lvs,L27,27,0.001,random,0.0,0.0,0.0,0.875,,
llama3.2-3b,harmful,lvs,L27,27,0.005,pgd,0.0,0.0,0.1357,1.0,,
llama3.2-3b,harmful,lvs,L27,27,0.005,random,0.0,0.0,0.0,0.875,,
llama3.2-3b,harmful,steering,L27,27,,,,,,,0.0,0.9167
llama3.2-3b,harmful,steering,L27,27,,,,,,,0.03,0.9167
llama3.2-3b,harmful,steering,L27,27,,,,,,,0.06,0.8333
llama3.2-3b,harmful,steering,L27,27,,,,,,,0.12,0.7917
llama3.2-3b,harmful,steering,L27,27,,,,,,,0.24,0.4167
