global_step,clean_refusal,clean_compliance,nudged_compliance,nudge_gap,base_control_gap,reachability_gap,clean_empty_rate,nudged_empty_rate,probe_auroc,sigmoid_gap,kl_to_base,flip,clean_pref_refuse,nudged_pref_comply,n
50,0.94,0.06,0.07,0.010000000000000009,0.020000000000000004,-0.009999999999999995,0.0,0.0,1.0,0.9999998211860657,0.03975934907793999,0.03439822420477867,0.2748524621129036,-0.24045423790812492,100
100,0.54,0.46,0.57,0.10999999999999993,0.020000000000000004,0.08999999999999993,0.0,0.0,1.0,0.9999895691871643,0.1795792430639267,0.05547902174293995,0.38160150311887264,-0.3261224813759327,100
150,0.78,0.22,0.75,0.53,0.020000000000000004,0.51,0.0,0.0,1.0,0.9999896883964539,0.26711246371269226,1.1149506997317076,0.409622672945261,0.7053280267864466,100
200,0.83,0.17,0.71,0.5399999999999999,0.020000000000000004,0.5199999999999999,0.0,0.0,1.0,0.9999991059303284,0.30997759103775024,1.675987333059311,0.5494004525244236,1.1265868805348873,100
250,0.98,0.02,0.88,0.86,0.020000000000000004,0.84,0.0,0.0,1.0,0.9999997615814209,0.33257412910461426,2.20701090618968,0.5917458813637495,1.6152650248259306,100
300,0.89,0.11,0.92,0.81,0.020000000000000004,0.79,0.0,0.0,1.0,0.9999998211860657,0.31909477710723877,2.2289972668513656,0.560445480979979,1.6685517858713865,100
350,1.0,0.0,0.92,0.92,0.020000000000000004,0.9,0.0,0.0,1.0,0.9999998211860657,0.3495951294898987,2.5630576740950346,0.8253507614135742,1.7377069126814604,100
400,0.99,0.01,0.88,0.87,0.020000000000000004,0.85,0.0,0.0,1.0,0.9999999403953552,0.3395346403121948,2.7654195837676525,0.918404983356595,1.8470146004110575,100
450,0.99,0.01,0.92,0.91,0.020000000000000004,0.89,0.0,0.0,1.0,0.9999999403953552,0.3126983046531677,3.1721885912120342,1.1699092891067266,2.0022793021053076,100
500,1.0,0.0,0.85,0.85,0.020000000000000004,0.83,0.0,0.0,1.0,0.9999999403953552,0.3170355558395386,3.351493409834802,1.4055673843249679,1.9459260255098343,100
550,1.0,0.0,0.88,0.88,0.020000000000000004,0.86,0.0,0.0,1.0,1.0,0.29833492636680603,3.615504969842732,1.4613847089931369,2.154120260849595,100
600,1.0,0.0,0.91,0.91,0.020000000000000004,0.89,0.0,0.0,1.0,1.0,0.3179723620414734,3.762621760368347,1.5204086136072874,2.2422131467610598,100
650,1.0,0.0,0.89,0.89,0.020000000000000004,0.87,0.0,0.0,1.0,1.0,0.3196427524089813,3.934119359590113,1.7135712979361415,2.2205480616539717,100
700,1.0,0.0,0.87,0.87,0.020000000000000004,0.85,0.0,0.0,1.0,1.0,0.31682607531547546,3.5452425442636013,1.591490687802434,1.9537518564611673,100
750,1.0,0.0,0.83,0.83,0.020000000000000004,0.8099999999999999,0.0,0.0,1.0,0.9999999403953552,0.307096928358078,3.7198696536943316,1.5680401576682925,2.151829496026039,100
800,1.0,0.0,0.87,0.87,0.020000000000000004,0.85,0.0,0.0,1.0,0.9999999403953552,0.3055307865142822,4.022232045419514,1.9119688784703612,2.110263166949153,100
850,1.0,0.0,0.9,0.9,0.020000000000000004,0.88,0.0,0.0,1.0,1.0,0.3186585605144501,4.067361929453909,1.9966522129252553,2.070709716528654,100
900,1.0,0.0,0.88,0.88,0.020000000000000004,0.86,0.0,0.0,1.0,0.9999999403953552,0.3176230490207672,3.983988872729242,1.9443843169137836,2.0396045558154583,100
950,1.0,0.0,0.87,0.87,0.020000000000000004,0.85,0.0,0.0,1.0,1.0,0.3064800500869751,3.9323437558487058,1.806897790171206,2.1254459656774998,100
1000,0.99,0.01,0.9,0.89,0.020000000000000004,0.87,0.0,0.0,1.0,1.0,0.31714946031570435,3.148932402022183,1.2021534675732255,1.9467789344489574,100
1050,1.0,0.0,0.87,0.87,0.020000000000000004,0.85,0.0,0.0,1.0,0.9999999403953552,0.30400171875953674,3.766934335231781,1.751447169110179,2.015487166121602,100
1100,1.0,0.0,0.91,0.91,0.020000000000000004,0.89,0.0,0.0,1.0,0.9999999403953552,0.30389872193336487,3.4898090651258826,1.5075033335015178,1.9823057316243649,100
1150,1.0,0.0,0.93,0.93,0.020000000000000004,0.91,0.0,0.0,1.0,0.9999999403953552,0.3066815137863159,3.738895384594798,1.6541877873241901,2.084707597270608,100
1200,1.0,0.0,0.9,0.9,0.020000000000000004,0.88,0.0,0.0,1.0,0.9999999403953552,0.3096572160720825,3.922367161139846,1.9201426599174738,2.002224501222372,100
1250,1.0,0.0,0.9,0.9,0.020000000000000004,0.88,0.0,0.0,1.0,0.9999999403953552,0.3167312443256378,3.6064338460564613,1.737936932593584,1.8684969134628773,100
1300,1.0,0.0,0.92,0.92,0.020000000000000004,0.9,0.0,0.0,1.0,0.9999999403953552,0.31189700961112976,3.7309788074344397,1.8084901254624128,1.9224886819720268,100
1350,1.0,0.0,0.95,0.95,0.020000000000000004,0.9299999999999999,0.0,0.0,1.0,0.9999998211860657,0.30789685249328613,3.5527400821447372,1.6790737211704254,1.8736663609743118,100
1400,0.99,0.01,0.92,0.91,0.020000000000000004,0.89,0.0,0.0,1.0,0.9999999403953552,0.322653204202652,3.5744687812402844,1.5895205298438668,1.9849482513964176,100
1450,1.0,0.0,0.92,0.92,0.020000000000000004,0.9,0.0,0.0,1.0,0.9999997615814209,0.31511691212654114,3.7191038206219673,1.7387480400502682,1.9803557805716991,100
1500,1.0,0.0,0.9,0.9,0.020000000000000004,0.88,0.0,0.0,1.0,0.9999997019767761,0.31055012345314026,3.8055888786911964,1.8152705393731594,1.990318339318037,100
1550,1.0,0.0,0.92,0.92,0.020000000000000004,0.9,0.0,0.0,1.0,0.9999998211860657,0.30762195587158203,3.7544818548485637,1.7763666259124875,1.9781152289360762,100
1600,1.0,0.0,0.92,0.92,0.020000000000000004,0.9,0.0,0.0,1.0,0.9999998211860657,0.30703842639923096,3.7330987313762307,1.7756987726315856,1.9573999587446451,100
1650,1.0,0.0,0.91,0.91,0.020000000000000004,0.89,0.0,0.0,1.0,0.9999997615814209,0.3087100386619568,3.721663980744779,1.7628756435588002,1.958788337185979,100
1700,1.0,0.0,0.9,0.9,0.020000000000000004,0.88,0.0,0.0,1.0,0.9999997615814209,0.3127574026584625,3.4159819101914763,1.6794477133080363,1.73653419688344,100
1750,1.0,0.0,0.91,0.91,0.020000000000000004,0.89,0.0,0.0,1.0,0.9999996423721313,0.3068610727787018,3.3701357562094927,1.6685383394360542,1.7015974167734385,100
1800,1.0,0.0,0.92,0.92,0.020000000000000004,0.9,0.0,0.0,1.0,0.9999995231628418,0.3175460994243622,3.582023670896888,1.639810347929597,1.9422133229672909,100
1850,1.0,0.0,0.91,0.91,0.020000000000000004,0.89,0.0,0.0,1.0,0.9999996423721313,0.317288875579834,3.570574858225882,1.633218397386372,1.93735646083951,100
1900,1.0,0.0,0.9,0.9,0.020000000000000004,0.88,0.0,0.0,1.0,0.999999463558197,0.30911895632743835,3.7264170488342643,1.7993851536884904,1.9270318951457739,100
1950,0.99,0.01,0.91,0.9,0.020000000000000004,0.88,0.0,0.0,1.0,0.999999463558197,0.31490686535835266,3.6520966524258256,1.7234762134030461,1.9286204390227795,100
2000,1.0,0.0,0.94,0.94,0.020000000000000004,0.9199999999999999,0.0,0.0,1.0,0.9999993443489075,0.314898818731308,3.6522148493677378,1.7300748843699694,1.9221399649977684,100
2050,1.0,0.0,0.9,0.9,0.020000000000000004,0.88,0.0,0.0,1.0,0.9999992847442627,0.3139176070690155,3.6698010712862015,1.7501085437834263,1.9196925275027752,100
2100,1.0,0.0,0.91,0.91,0.020000000000000004,0.89,0.0,0.0,1.0,0.9999994039535522,0.3118681013584137,3.7006583297625184,1.7922657942399383,1.9083925355225801,100
2150,1.0,0.0,0.91,0.91,0.020000000000000004,0.89,0.0,0.0,1.0,0.9999994039535522,0.314109206199646,3.657915884628892,1.7503444626927376,1.9075714219361544,100
2200,1.0,0.0,0.92,0.92,0.020000000000000004,0.9,0.0,0.0,1.0,0.9999994039535522,0.3121103346347809,3.572115852497518,1.702823027037084,1.869292825460434,100
2250,0.99,0.01,0.93,0.92,0.020000000000000004,0.9,0.0,0.0,1.0,0.9999993443489075,0.3122779428958893,3.5510429851710796,1.6781053245067596,1.87293766066432,100
2300,1.0,0.0,0.9,0.9,0.020000000000000004,0.88,0.0,0.0,1.0,0.9999993443489075,0.31406280398368835,3.5719429636374116,1.7116847867146134,1.8602581769227982,100
2350,0.99,0.01,0.92,0.91,0.020000000000000004,0.89,0.0,0.0,1.0,0.9999992251396179,0.31399285793304443,3.5094453236088157,1.6408247211948037,1.868620602414012,100
2400,1.0,0.0,0.91,0.91,0.020000000000000004,0.89,0.0,0.0,1.0,0.9999992251396179,0.31342822313308716,3.5306169241666794,1.6664604842662811,1.8641564399003983,100
2450,0.99,0.01,0.92,0.91,0.020000000000000004,0.89,0.0,0.0,1.0,0.9999992847442627,0.3137439787387848,3.6095654843375087,1.7392521845176816,1.870313299819827,100
2500,0.99,0.01,0.91,0.9,0.020000000000000004,0.88,0.0,0.0,1.0,0.9999991655349731,0.31430143117904663,3.5959550319239497,1.7263969322666526,1.8695580996572971,100
2550,0.99,0.01,0.91,0.9,0.020000000000000004,0.88,0.0,0.0,1.0,0.9999991655349731,0.3160485327243805,3.595847897231579,1.7251789215952158,1.870668975636363,100
2600,0.99,0.01,0.94,0.9299999999999999,0.020000000000000004,0.9099999999999999,0.0,0.0,1.0,0.9999991655349731,0.31610628962516785,3.5948977693915367,1.7169040888547897,1.877993680536747,100
2650,0.99,0.01,0.92,0.91,0.020000000000000004,0.89,0.0,0.0,1.0,0.9999991655349731,0.3159942626953125,3.5975775625556707,1.7207779735326767,1.876799589022994,100
2700,0.99,0.01,0.9,0.89,0.020000000000000004,0.87,0.0,0.0,1.0,0.9999991655349731,0.3142857253551483,3.5981743838638067,1.7225914094597101,1.8755829744040966,100
2750,0.99,0.01,0.9,0.89,0.020000000000000004,0.87,0.0,0.0,1.0,0.9999991655349731,0.3153015077114105,3.596339913085103,1.7193816043436527,1.8769583087414503,100
2800,0.99,0.01,0.93,0.92,0.020000000000000004,0.9,0.0,0.0,1.0,0.9999991655349731,0.3147560656070709,3.5919862780719995,1.7154385391622782,1.8765477389097214,100
2850,0.99,0.01,0.92,0.91,0.020000000000000004,0.89,0.0,0.0,1.0,0.9999991059303284,0.31452688574790955,3.5932187465950847,1.7164816437289119,1.8767371028661728,100
2900,0.99,0.01,0.91,0.9,0.020000000000000004,0.88,0.0,0.0,1.0,0.9999991655349731,0.3134680986404419,3.5952097037807107,1.7184010008350015,1.8768087029457092,100
2950,0.99,0.01,0.92,0.91,0.020000000000000004,0.89,0.0,0.0,1.0,0.9999991655349731,0.31380924582481384,3.5942467665299773,1.7171310121193528,1.8771157544106245,100
3000,0.99,0.01,0.94,0.9299999999999999,0.020000000000000004,0.9099999999999999,0.0,0.0,1.0,0.9999991655349731,0.31556436419487,3.59539105091244,1.7190457480028272,1.8763453029096127,100
3050,0.99,0.01,0.92,0.91,0.020000000000000004,0.89,0.0,0.0,1.0,0.9999991655349731,0.31478220224380493,3.59625209774822,1.7206427892670035,1.8756093084812164,100
3100,0.99,0.01,0.93,0.92,0.020000000000000004,0.9,0.0,0.0,1.0,0.9999991655349731,0.3144444227218628,3.5936161829158664,1.717514324001968,1.8761018589138985,100
3130,0.99,0.01,0.93,0.92,0.020000000000000004,0.9,0.0,0.0,1.0,0.9999991655349731,0.31409919261932373,3.5946715930476785,1.7176872799172997,1.8769843131303787,100
